-- MySQL dump 10.13  Distrib 8.0.30, for Win64 (x86_64)
--
-- Host: localhost    Database: mainappdev
-- ------------------------------------------------------
-- Server version	8.0.30

/*!40101 SET @OLD_CHARACTER_SET_CLIENT=@@CHARACTER_SET_CLIENT */;
/*!40101 SET @OLD_CHARACTER_SET_RESULTS=@@CHARACTER_SET_RESULTS */;
/*!40101 SET @OLD_COLLATION_CONNECTION=@@COLLATION_CONNECTION */;
/*!50503 SET NAMES utf8mb4 */;
/*!40103 SET @OLD_TIME_ZONE=@@TIME_ZONE */;
/*!40103 SET TIME_ZONE='+00:00' */;
/*!40014 SET @OLD_UNIQUE_CHECKS=@@UNIQUE_CHECKS, UNIQUE_CHECKS=0 */;
/*!40014 SET @OLD_FOREIGN_KEY_CHECKS=@@FOREIGN_KEY_CHECKS, FOREIGN_KEY_CHECKS=0 */;
/*!40101 SET @OLD_SQL_MODE=@@SQL_MODE, SQL_MODE='NO_AUTO_VALUE_ON_ZERO' */;
/*!40111 SET @OLD_SQL_NOTES=@@SQL_NOTES, SQL_NOTES=0 */;

--
-- Current Database: `mainappdev`
--

CREATE DATABASE /*!32312 IF NOT EXISTS*/ `mainappdev` /*!40100 DEFAULT CHARACTER SET utf8mb4 COLLATE utf8mb4_0900_ai_ci */ /*!80016 DEFAULT ENCRYPTION='N' */;

USE `mainappdev`;

--
-- Table structure for table `address`
--

DROP TABLE IF EXISTS `address`;
/*!40101 SET @saved_cs_client     = @@character_set_client */;
/*!50503 SET character_set_client = utf8mb4 */;
CREATE TABLE `address` (
  `address_id` int unsigned NOT NULL AUTO_INCREMENT,
  `address_type` enum('Residential','Permanent','Business','Other') NOT NULL,
  `province` varchar(100) NOT NULL,
  `city_municipality` varchar(100) NOT NULL,
  `barangay` varchar(100) NOT NULL,
  `subdivision_village` varchar(100) DEFAULT NULL,
  `street` varchar(100) DEFAULT NULL,
  `house_block_lot` varchar(100) DEFAULT NULL,
  `zip_code` varchar(10) DEFAULT NULL,
  `created_at` timestamp NULL DEFAULT NULL,
  `updated_at` timestamp NULL DEFAULT NULL,
  PRIMARY KEY (`address_id`)
) ENGINE=InnoDB AUTO_INCREMENT=51 DEFAULT CHARSET=utf8mb3;
/*!40101 SET character_set_client = @saved_cs_client */;

--
-- Dumping data for table `address`
--

LOCK TABLES `address` WRITE;
/*!40000 ALTER TABLE `address` DISABLE KEYS */;
INSERT INTO `address` VALUES (3,'Residential','ORIENTAL MINDORO','CITY OF CALAPAN','BARUYAN','West','west street','21223 ','5200','2023-12-13 07:18:14','2023-12-13 07:18:14'),(4,'Residential','ORIENTAL MINDORO','CITY OF CALAPAN','BARUYAN','West','west street','21223 ','5200','2023-12-13 07:18:14','2023-12-13 07:18:14'),(5,'Residential','ORIENTAL MINDORO','CITY OF CALAPAN','MAIDLANG','East','East Street','1234','5200','2023-12-13 07:32:53','2023-12-13 07:32:53'),(6,'Residential','','','','East','East Street','1234','5200','2023-12-13 07:32:53','2023-12-13 07:32:53'),(7,'Residential','ORIENTAL MINDORO','MANSALAY','MALIWANAG','Silang','Silangan Street','2345','5208','2023-12-13 07:40:49','2023-12-13 07:40:49'),(8,'Residential','ORIENTAL MINDORO','MANSALAY','MALIWANAG','Silang','Silangan Street','2345','5208','2023-12-13 07:40:49','2023-12-13 07:40:49'),(9,'Residential','LAGUNA','KALAYAAN','LONGOS','North','North Street','3334','4015','2023-12-13 07:45:38','2023-12-13 07:45:38'),(10,'Residential','LAGUNA','KALAYAAN','LONGOS','North','North Street','3334','4015','2023-12-13 07:45:38','2023-12-13 07:45:38'),(11,'Residential','CAPIZ','CUARTERO','BALINGASAG','west','West street','879','5811','2023-12-13 07:56:08','2023-12-13 07:56:08'),(12,'Residential','CAPIZ','CUARTERO','BALINGASAG','west','West street','879','5811','2023-12-13 07:56:08','2023-12-13 07:56:08'),(13,'Residential','BATAAN','ORION','BALAGTAS (POB.)','Calams','Camiasan Street','456','2102','2023-12-13 08:02:02','2023-12-13 08:02:02'),(14,'Residential','BATAAN','ORION','BALAGTAS (POB.)','Calams','Camiasan Street','456','2102','2023-12-13 08:02:02','2023-12-13 08:02:02'),(15,'Residential','NEGROS ORIENTAL','','','Silangan','Silangan Street','098','','2023-12-13 08:07:34','2023-12-13 08:07:34'),(16,'Residential','NEGROS ORIENTAL','MABINAY','DAGBASAN','Silangan','Silangan Street','098','6208','2023-12-13 08:07:34','2023-12-13 08:07:34'),(17,'Residential','EASTERN SAMAR','GUIUAN','BUCAO','West','West Street','333','6809','2023-12-13 08:12:55','2023-12-13 08:12:55'),(18,'Residential','EASTERN SAMAR','GUIUAN','BUCAO','West','West Street','333','6809','2023-12-13 08:12:55','2023-12-13 08:12:55'),(19,'Residential','DAVAO DEL SUR','MATANAO','BURI','Silangan','Silangan Street','112','8003','2023-12-13 08:17:36','2023-12-13 08:17:36'),(20,'Residential','DAVAO DEL SUR','MATANAO','BURI','Silangan','Silangan Street','112','8003','2023-12-13 08:17:36','2023-12-13 08:17:36'),(21,'Residential','CAMIGUIN','GUINSILIBAN','CABUAN','north','North Street','4445','9102','2023-12-13 08:22:10','2023-12-13 08:22:10'),(22,'Residential','CAMIGUIN','GUINSILIBAN','CABUAN','north','North Street','4445','9102','2023-12-13 08:22:10','2023-12-13 08:22:10'),(23,'Residential','ILOCOS SUR','BURGOS','BANGBANGAR','Silangan','Silangan Street','233','2410','2023-12-14 02:27:00','2023-12-14 02:27:00'),(24,'Residential','ILOCOS SUR','BURGOS','BANGBANGAR','Silangan','Silangan Street','233','2410','2023-12-14 02:27:00','2023-12-14 02:27:00'),(25,'Residential','BOHOL','BALILIHAN','BOCTOL','West','West Street','777','6342','2023-12-14 02:35:52','2023-12-14 02:35:52'),(26,'Residential','BOHOL','BALILIHAN','BOCTOL','West','West Street','777','6342','2023-12-14 02:35:52','2023-12-14 02:35:52'),(27,'Residential','DINAGAT ISLANDS','LIBJO (ALBOR)','DOÑA HELEN','North','North Street','567','8414','2023-12-14 02:40:40','2023-12-14 02:40:40'),(28,'Residential','DINAGAT ISLANDS','LIBJO (ALBOR)','DOÑA HELEN','North','North Street','567','8414','2023-12-14 02:40:40','2023-12-14 02:40:40'),(29,'Residential','CAGAYAN','AMULUNG','ALITUNGTUNG','Silangan','Silangan Street','778','3505','2023-12-14 02:54:29','2023-12-14 02:54:29'),(30,'Residential','CAGAYAN','AMULUNG','ALITUNGTUNG','Silangan','Silangan Street','778','3505','2023-12-14 02:54:29','2023-12-14 02:54:29'),(31,'Residential','CAPIZ','DAO','AGANAN','Looban','Looban Street','341','5810','2023-12-14 03:24:58','2023-12-14 03:24:58'),(32,'Residential','CAPIZ','DAO','AGANAN','Looban','Looban Street','341','5810','2023-12-14 03:24:58','2023-12-14 03:24:58'),(33,'Residential','CAMIGUIN','GUINSILIBAN','BUTAY','Silangan','Silangan Street','766','9102','2023-12-14 03:36:28','2023-12-14 03:36:28'),(34,'Residential','CAMIGUIN','GUINSILIBAN','BUTAY','Silangan','Silangan Street','766','9102','2023-12-14 03:36:28','2023-12-14 03:36:28'),(35,'Residential','DINAGAT ISLANDS','DINAGAT','CAB-ILAN','West','West Street','114','8412','2023-12-14 03:40:44','2023-12-14 03:40:44'),(36,'Residential','DINAGAT ISLANDS','DINAGAT','CAB-ILAN','West','West Street','114','8412','2023-12-14 03:40:44','2023-12-14 03:40:44'),(37,'Residential','SURIGAO DEL NORTE','DAPA','BARANGAY 1 (POB.)','North','North Street','998','8417','2023-12-14 03:44:32','2023-12-14 03:44:32'),(38,'Residential','SURIGAO DEL NORTE','DAPA','BARANGAY 1 (POB.)','North','North Street','998','8417','2023-12-14 03:44:32','2023-12-14 03:44:32'),(39,'Residential','COMPOSTELA VALLEY','NABUNTURAN','ANTIQUERA','Calamiasan','Calamiasan Street','556','8800','2023-12-14 03:49:14','2023-12-14 03:49:14'),(40,'Residential','COMPOSTELA VALLEY','NABUNTURAN','ANTIQUERA','Calamiasan','Calamiasan Street','556','8800','2023-12-14 03:49:14','2023-12-14 03:49:14'),(41,'Residential','ISABELA','CORDON','OSMENA (CENTRO SUR ESTE)','Kalabasahan','Kabasahan Street','677','3312','2023-12-14 03:54:22','2023-12-14 03:54:22'),(42,'Residential','ISABELA','CORDON','OSMENA (CENTRO SUR ESTE)','Kalabasahan','Kabasahan Street','677','3312','2023-12-14 03:54:22','2023-12-14 03:54:22'),(43,'Residential','CAVITE','CARMONA','BANCAL','Silangan','Silangan Street','778','4116','2023-12-14 04:03:35','2023-12-14 04:03:35'),(44,'Residential','CAVITE','CARMONA','BANCAL','Silangan','Silangan Street','778','4116','2023-12-14 04:03:35','2023-12-14 04:03:35'),(45,'Residential','NORTHERN SAMAR','CATUBIG','BARANGAY 6 (POB.)','Kalabasahan','Kalabasahan Street','091','6418','2023-12-14 04:07:53','2023-12-14 04:07:53'),(46,'Residential','NORTHERN SAMAR','CATUBIG','BARANGAY 6 (POB.)','Kalabasahan','Kalabasahan Street','091','6418','2023-12-14 04:07:53','2023-12-14 04:07:53'),(47,'Residential','SARANGANI','KIAMBA','BADTASAN','west','west street','776','9514','2023-12-14 06:29:43','2023-12-14 06:29:43'),(48,'Residential','SARANGANI','KIAMBA','BADTASAN','west','west street','776','9514','2023-12-14 06:29:43','2023-12-14 06:29:43'),(49,'Residential','CAMIGUIN','GUINSILIBAN','BUTAY','West','West Street','817','9102','2023-12-14 07:22:47','2023-12-14 07:22:47'),(50,'Residential','CAMIGUIN','GUINSILIBAN','BUTAY','West','West Street','817','9102','2023-12-14 07:22:47','2023-12-14 07:22:47');
/*!40000 ALTER TABLE `address` ENABLE KEYS */;
UNLOCK TABLES;

--
-- Table structure for table `asset`
--

DROP TABLE IF EXISTS `asset`;
/*!40101 SET @saved_cs_client     = @@character_set_client */;
/*!50503 SET character_set_client = utf8mb4 */;
CREATE TABLE `asset` (
  `asset_id` int unsigned NOT NULL AUTO_INCREMENT,
  `asset_type_id` int unsigned NOT NULL,
  `description` text NOT NULL,
  `article` varchar(255) DEFAULT NULL,
  `yr_acquired` date NOT NULL,
  `serial_number` varchar(255) NOT NULL,
  `property_number` varchar(255) NOT NULL,
  `unit_of_measure` varchar(50) NOT NULL,
  `unit_value` decimal(10,2) NOT NULL,
  `item_status` enum('Active','Archived') NOT NULL DEFAULT 'Active',
  `created_at` timestamp NULL DEFAULT NULL,
  `updated_at` timestamp NULL DEFAULT NULL,
  PRIMARY KEY (`asset_id`),
  UNIQUE KEY `serial_number` (`serial_number`),
  UNIQUE KEY `property_number` (`property_number`),
  KEY `asset_asset_type_id_foreign` (`asset_type_id`),
  CONSTRAINT `asset_asset_type_id_foreign` FOREIGN KEY (`asset_type_id`) REFERENCES `asset_type` (`asset_type_id`)
) ENGINE=InnoDB AUTO_INCREMENT=103 DEFAULT CHARSET=utf8mb3;
/*!40101 SET character_set_client = @saved_cs_client */;

--
-- Dumping data for table `asset`
--

LOCK TABLES `asset` WRITE;
/*!40000 ALTER TABLE `asset` DISABLE KEYS */;
INSERT INTO `asset` VALUES (1,1060401000,'Office Building RO MIMAROPA','Not Available','2018-11-18','Not Available','Not Available','Not Available',0.00,'Active','2023-12-14 02:16:56','2023-12-14 02:16:56'),(2,1060501000,'Acer P1287 DLP Projector with Projector Screen','PROJECTOR','2016-10-26','00FF','1060502000-11-000FF','set',26483.60,'Active','2023-12-14 04:11:28','2023-12-14 04:11:28'),(3,1060501000,'ACER 4,000 ANSI Lumens (Standard) with projector screen','PROJECTOR','2022-01-07','MRJ8II00722004F55910','1060502000-11-004F5','set',22560.00,'Active','2023-12-14 04:13:24','2023-12-14 04:13:24'),(4,1060501000,'Document Camera (Aver) Projector','PROJECTOR','2018-03-08','00093','1060502000-11-00093','set',25.00,'Active','2023-12-14 04:14:58','2023-12-14 04:14:58'),(10,1060503000,'Acer Aspire XC-705 Desktop Computer (PEIIS)','DESKTOP COMPUTER','2016-05-11','102B5A3000','1060503000-01-A3000','set',46682.93,'Active','2023-12-14 04:23:15','2023-12-14 04:23:15'),(11,1060503000,'Acer Aspire XC-705 Desktop Computer (PEIIS)','DESKTOP COMPUTER','2016-05-11','PEIIS02B5A','1060503000-01-02B5A','set',46682.93,'Active','2023-12-14 04:24:21','2023-12-14 04:24:21'),(12,1060503000,'Acer AsDescription: 210-AVCG DELL Latitude 5411 MLK XCTOpire XC-705 Desktop Computer (PEIIS)','LAPTOP','2022-01-07','2QDG7C3','1060503000-04- 2QDG7','set',77574.00,'Active','2023-12-14 04:26:08','2023-12-14 04:26:08'),(13,1060507000,'Base (Motorola GM3688)','COMMUNICATION EQUIPMENT','0000-00-00','C2608','1060507000-04-C2608','set',68000.00,'Active','2023-12-14 04:31:36','2023-12-14 04:31:36'),(14,1060507000,'Mobile Radio (Motorola GM3688)','COMMUNICATION EQUIPMENT','0000-00-00','C2621','1060507000-04-C2621','set',28000.00,'Active','2023-12-14 04:32:37','2023-12-14 04:32:37'),(15,1060507000,'Mobile Repeater (Motorola CDR-700)','COMMUNICATION EQUIPMENT','0000-00-00','E0545','1060507000-04-E0545','set',140000.00,'Active','2023-12-14 04:33:33','2023-12-14 04:33:33'),(16,1060507000,'Motorola GM3688 Mobile Radio Transceiver','COMMUNICATION EQUIPMENT','0000-00-00','NG987','1060507000-04-NG987','set',31344.00,'Active','2023-12-14 04:34:28','2023-12-14 04:34:28'),(17,1060507000,'Motorola Handheld Radio (P8600)','COMMUNICATION EQUIPMENT','2018-01-18','D9269','1060507000-04-D9269','set',49819.00,'Active','2023-12-14 04:35:26','2023-12-14 04:35:26'),(18,1060507000,'Motorola Handheld Radio (P8600)','COMMUNICATION EQUIPMENT','2018-01-18','D9342','1060507000-04-D9342','set',49819.28,'Active','2023-12-14 04:36:25','2023-12-14 04:36:25'),(19,1060507000,'Motorola Handheld Radio (P8600)','COMMUNICATION EQUIPMENT','2018-01-18','D9346','1060507000-04-D9346','set',49819.28,'Active','2023-12-14 04:36:55','2023-12-14 04:36:55'),(20,1060507000,'Motorola Handheld Radio (P8600)','COMMUNICATION EQUIPMENT','2018-01-18','D9580','1060507000-04-D9580','set',49819.28,'Active','2023-12-14 04:37:19','2023-12-14 04:37:19'),(21,1060507000,'Motorola Handheld Radio (P8600)','COMMUNICATION EQUIPMENT','2018-01-18','D9239','1060507000-04-D9239','set',49819.28,'Active','2023-12-14 04:37:56','2023-12-14 04:37:56'),(22,1060507000,'Motorola Handheld Radio (P8600)','COMMUNICATION EQUIPMENT','2018-01-18','D9589','1060507000-04-D9589','set',49819.28,'Active','2023-12-14 04:38:43','2023-12-14 04:38:43'),(23,1060507000,'Motorola Handheld Radio (P8600)','COMMUNICATION EQUIPMENT','2018-01-18','D9872','1060507000-04-D9872','set',49819.28,'Active','2023-12-14 04:39:14','2023-12-14 04:39:14'),(24,1060507000,'Motorola Handheld Radio (P8600)','COMMUNICATION EQUIPMENT','2018-01-18','D9369','1060507000-04-D9369','set',49819.28,'Active','2023-12-14 04:39:38','2023-12-14 04:39:38'),(25,1060507000,'Hytera Handheld Radio','COMMUNICATION EQUIPMENT','2018-07-06','D0261','1060507000-04-D0261','set',29995.00,'Active','2023-12-14 04:41:47','2023-12-14 04:41:47'),(26,1060507000,'Hytera Handheld Radio','COMMUNICATION EQUIPMENT','2018-07-06','D0262','1060507000-04-D0262','set',29995.00,'Active','2023-12-14 04:42:24','2023-12-14 04:42:24'),(27,1060507000,'Hytera Handheld Radio','COMMUNICATION EQUIPMENT','2018-07-06','D0265','1060507000-04-D0265','set',29995.00,'Active','2023-12-14 04:42:52','2023-12-14 04:42:52'),(28,1060507000,'Hytera Handheld Radio','COMMUNICATION EQUIPMENT','2018-07-06','D0267','1060507000-04-D0267','set',29995.00,'Active','2023-12-14 04:43:10','2023-12-14 04:43:10'),(29,1060507000,'Hytera Handheld Radio','COMMUNICATION EQUIPMENT','2018-07-06','D0268','1060507000-04-D0268','set',29995.00,'Active','2023-12-14 04:43:30','2023-12-14 04:43:30'),(30,1060507000,'Hytera Handheld Radio','COMMUNICATION EQUIPMENT','2018-07-06','D0270','1060507000-04-D0270','set',29995.00,'Active','2023-12-14 04:44:00','2023-12-14 04:44:00'),(31,1060507000,'Hytera Handheld Radio','COMMUNICATION EQUIPMENT','2018-07-06','D0273','1060507000-04-D0273','set',29995.00,'Active','2023-12-14 04:44:27','2023-12-14 04:44:27'),(32,1060507000,'Hytera Handheld Radio','COMMUNICATION EQUIPMENT','2018-07-06','D0274','1060507000-04-D0274','set',29995.00,'Active','2023-12-14 04:44:57','2023-12-14 04:44:57'),(33,1060507000,'Hytera Handheld Radio','COMMUNICATION EQUIPMENT','2018-07-06','D0278','1060507000-04-D0278','set',29995.00,'Active','2023-12-14 04:45:22','2023-12-14 04:45:22'),(34,1060507000,'Hytera Handheld Radio','COMMUNICATION EQUIPMENT','2018-07-06','D0279','1060507000-04-D0279','set',29995.00,'Active','2023-12-14 04:45:33','2023-12-14 04:45:33'),(35,1060507000,'Hytera Handheld Radio','COMMUNICATION EQUIPMENT','2018-07-07','D0263','1060507000-04-D0263','set',29995.00,'Active','2023-12-14 04:47:00','2023-12-14 04:47:00'),(36,1060507000,'Hytera Handheld Radio','COMMUNICATION EQUIPMENT','2018-07-08','D0264','1060507000-04-D0264','set',29995.00,'Active','2023-12-14 04:47:44','2023-12-14 04:47:44'),(37,1060507000,'Hytera Handheld Radio','COMMUNICATION EQUIPMENT','2018-07-09','D0266','1060507000-04-D0266','set',29995.00,'Active','2023-12-14 04:48:49','2023-12-14 04:48:49'),(38,1060507000,'Hytera Handheld Radio','COMMUNICATION EQUIPMENT','2018-07-10','D0269','1060507000-04-D0269','set',29995.00,'Active','2023-12-14 04:50:24','2023-12-14 04:50:24'),(39,1060507000,'Hytera Handheld Radio','COMMUNICATION EQUIPMENT','2018-07-11','D0271','1060507000-04-D0271','set',29995.00,'Active','2023-12-14 04:50:49','2023-12-14 04:50:49'),(40,1060507000,'Hytera Handheld Radio','COMMUNICATION EQUIPMENT','2018-07-12','D0272','1060507000-04-D0272','set',29995.00,'Active','2023-12-14 04:52:04','2023-12-14 04:52:04'),(41,1060507000,'Hytera Handheld Radio','COMMUNICATION EQUIPMENT','2018-07-13','D0275','1060507000-04-D0275','set',29995.00,'Active','2023-12-14 04:52:41','2023-12-14 04:52:41'),(42,1060507000,'Hytera Handheld Radio','COMMUNICATION EQUIPMENT','2018-07-14','D0276','1060507000-04-D0276','set',29995.00,'Active','2023-12-14 04:53:57','2023-12-14 04:53:57'),(43,1060507000,'Hytera Handheld Radio','COMMUNICATION EQUIPMENT','2018-07-15','D0277','1060507000-04-D0277','set',29995.00,'Active','2023-12-14 04:54:28','2023-12-14 04:54:28'),(45,1060507000,'Hytera Handheld Radio','COMMUNICATION EQUIPMENT','2018-07-16','D0280','1060507000-04-D0280','set',29995.00,'Active','2023-12-14 04:55:22','2023-12-14 04:55:22'),(46,1060507000,'JCTech NH855 Portable Radio','COMMUNICATION EQUIPMENT','2022-03-03','CPNH8550172','1060507000-04-50172','set',29995.00,'Active','2023-12-14 04:56:23','2023-12-14 04:56:23'),(47,1060507000,'JCTech NH855 Portable Radio','COMMUNICATION EQUIPMENT','2022-03-03','CPNH8550173','1060507000-04-50173','set',29995.00,'Active','2023-12-14 04:56:38','2023-12-14 04:56:38'),(48,1060507000,'JCTech NH855 Portable Radio','COMMUNICATION EQUIPMENT','2022-03-03','CPNH8550174','1060507000-04-50174','set',29995.00,'Active','2023-12-14 04:56:56','2023-12-14 04:56:56'),(49,1060511000,'Laboratory Oven','MINI-LABORATORY EQUIPMENT','0000-00-00','02807','1060511000-17-02807','Not Available',179183.20,'Active','2023-12-14 05:00:39','2023-12-14 05:00:39'),(50,1060511000,'Vortex Mixer','MINI-LABORATORY EQUIPMENT','0000-00-00','17115','1060511000-24-17115','Not Available',44926.40,'Active','2023-12-14 05:01:28','2023-12-14 05:01:28'),(51,1060511000,'Centrifuge Machine','MINI-LABORATORY EQUIPMENT','0000-00-00','17078','1060511000-11-17078','Not Available',149928.80,'Active','2023-12-14 05:02:34','2023-12-14 05:02:34'),(52,1060511000,'Analytical Balance','MINI-LABORATORY EQUIPMENT','0000-00-00','00735','1060511000-10-00735','Not Available',199936.73,'Active','2023-12-14 05:03:20','2023-12-14 05:03:20'),(53,1060511000,'PRECISION BALANCE (PL6001E (Top Loading Balance)','MINI-LABORATORY EQUIPMENT','0000-00-00','C128141103','1060511000-23-41103','Not Available',87326.40,'Active','2023-12-14 05:05:27','2023-12-14 05:05:27'),(54,1060511000,'Water Bath (GEMMYCO)','MINI-LABORATORY EQUIPMENT','0000-00-00','17089','1060511000-26-17089','Not Available',67992.37,'Active','2023-12-14 05:06:39','2023-12-14 05:06:39'),(55,1060511000,'Thin Layer Chromatograhy  (Developing Chamber 3pcs/set, TLC Sprayer, TLC Plate, UV Lamp w/ viewing box)','MINI-LABORATORY EQUIPMENT','0000-00-00','01293','1060511000-28-01293','Not Available',389971.60,'Active','2023-12-14 05:07:23','2023-12-14 05:07:23'),(59,1060511000,'RAMAN SPECTROMETER (SERTECH)','MINI-LABORATORY EQUIPMENT','2023-03-23','150403E9000A','1060511000-31-150403E9000A','set',5630985.92,'Active','2023-12-14 05:11:16','2023-12-14 05:11:16'),(60,1060511000,'RAMAN SPECTROMETER (SERTECH)','MINI-LABORATORY EQUIPMENT','2023-03-23','132E03E90004','1060511000-31-132E03E90004','set',5630985.92,'Active','2023-12-14 05:11:38','2023-12-14 05:11:38'),(62,1060510000,'Pistol Cal. 40 \"Glock\"','SHORT FIREARMS','0000-00-00','KDA 767','1060510000-02-KDA767','unit',28000.00,'Active','2023-12-14 05:15:55','2023-12-14 05:15:55'),(63,1060510000,'Pistol Cal. 40 \"Glock\"','SHORT FIREARMS','0000-00-00','KDA 674','1060510000-02-KDA674','unit',36880.00,'Active','2023-12-14 05:17:04','2023-12-14 05:17:04'),(64,1060510000,'Pistol Cal. 40 \"Glock\"','SHORT FIREARMS','0000-00-00','KDA 704','1060510000-02-KDA704','unit',36880.00,'Active','2023-12-14 05:17:47','2023-12-14 05:17:47'),(65,1060510000,'Pistol Cal. 45 \"Norinco\"','SHORT FIREARMS','0000-00-00','BA 07736','1060510000-02-BA07736','unit',25520.00,'Active','2023-12-14 05:21:23','2023-12-14 05:21:23'),(66,1060510000,'Pistol Cal. 45 \"Norinco\"','SHORT FIREARMS','0000-00-00','BA 11929','1060510000-02-BA11929','unit',25520.00,'Active','2023-12-14 05:22:16','2023-12-14 05:22:16'),(68,1060510000,'BA 12052','SHORT FIREARMS','0000-00-00','BA 12271','1060510000-02-BA12271','unit',25520.00,'Active','2023-12-14 05:22:58','2023-12-14 05:22:58'),(69,1060510000,'BA 12052','SHORT FIREARMS','0000-00-00','BA 12311','1060510000-02-BA12311','unit',25520.00,'Active','2023-12-14 05:23:38','2023-12-14 05:23:38'),(70,1060510000,'BA 12052','SHORT FIREARMS','0000-00-00','BA 12130','1060510000-02-BA12130','unit',25520.00,'Active','2023-12-14 05:24:29','2023-12-14 05:24:29'),(71,1060510000,'BA 12052','SHORT FIREARMS','0000-00-00','BA 11500','1060510000-02-BA11500','unit',25520.00,'Active','2023-12-14 05:25:01','2023-12-14 05:25:01'),(72,1060510000,'BA 12052','SHORT FIREARMS','0000-00-00','BA 11588','1060510000-02-BA11588','unit',25520.00,'Active','2023-12-14 05:26:15','2023-12-14 05:26:15'),(73,1060510000,'BA 12052','SHORT FIREARMS','0000-00-00','BA 39126','1060510000-02-BA39126','unit',25520.00,'Active','2023-12-14 05:30:08','2023-12-14 05:30:08'),(74,1060510000,'Pistol Cal. 45 \"Norinco\"','SHORT FIREARMS','0000-00-00','BA 39178','1060510000-02-BA39178','unit',18193.76,'Active','2023-12-14 05:32:36','2023-12-14 05:32:36'),(75,1060510000,'Pistol Cal. 45 \"Norinco\"','SHORT FIREARMS','0000-00-00','BA 39142','1060510000-02-BA39142','unit',18193.76,'Active','2023-12-14 05:45:10','2023-12-14 05:45:10'),(76,1060510000,'Pistol Cal. 45 \"Norinco\"','SHORT FIREARMS','0000-00-00','BA 39103','1060510000-02-BA39103','unit',18193.76,'Active','2023-12-14 05:45:41','2023-12-14 05:45:41'),(77,1060510000,'Pistol Cal. 45 \"Norinco\"','SHORT FIREARMS','0000-00-00','BA 39901','1060510000-02-BA39901','unit',14999.94,'Active','2023-12-14 05:46:22','2023-12-14 05:46:22'),(78,1060510000,'Pistol Cal. 45 \"Norinco\"','SHORT FIREARMS','0000-00-00','BA 39916','1060510000-02-BA39916','unit',14999.94,'Active','2023-12-14 05:46:38','2023-12-14 05:46:38'),(79,1060510000,'PISTOL CALIBER. 45 (JERICHO)','SHORT FIREARMS','0000-00-00','48600422','1060510000-02-48600422','unit',32048.02,'Active','2023-12-14 05:48:10','2023-12-14 05:48:10'),(80,1060510000,'PISTOL CALIBER. 45 (JERICHO)','SHORT FIREARMS','0000-00-00','48600427','1060510000-02-486004227','unit',32048.02,'Active','2023-12-14 05:48:27','2023-12-14 05:48:27'),(81,1060510000,'PISTOL CALIBER. 45 (JERICHO)','SHORT FIREARMS','0000-00-00','48600428','1060510000-02-48600428','unit',32048.02,'Active','2023-12-14 05:48:40','2023-12-14 05:48:40'),(82,1060510000,'PISTOL CALIBER. 45 (JERICHO)','SHORT FIREARMS','0000-00-00','48600429','1060510000-02-48600429','unit',32048.02,'Active','2023-12-14 05:48:59','2023-12-14 05:48:59'),(83,1060510000,'PISTOL CALIBER. 45 (JERICHO)','SHORT FIREARMS','0000-00-00','48600432','1060510000-02-48600432','unit',32048.02,'Active','2023-12-14 05:49:23','2023-12-14 05:49:23'),(84,1060510000,'PISTOL CALIBER. 45 (JERICHO)','SHORT FIREARMS','0000-00-00','48600434','1060510000-02-48600434','unit',32048.02,'Active','2023-12-14 05:49:41','2023-12-14 05:49:41'),(85,1060510000,'PISTOL CALIBER. 45 (JERICHO)','SHORT FIREARMS','0000-00-00','48600435','1060510000-02-48600435','unit',32048.02,'Active','2023-12-14 05:49:58','2023-12-14 05:49:58'),(86,1060510000,'PISTOL CALIBER. 45 (JERICHO)','SHORT FIREARMS','0000-00-00','48600436','1060510000-02-48600436','unit',32048.02,'Active','2023-12-14 05:50:14','2023-12-14 05:50:14'),(87,1060510000,'PISTOL CALIBER. 45 (JERICHO)','SHORT FIREARMS','0000-00-00','48600437','1060510000-02-48600437','unit',32048.02,'Active','2023-12-14 05:50:31','2023-12-14 05:50:31'),(88,1060510000,'PISTOL CALIBER. 45 (JERICHO)','SHORT FIREARMS','0000-00-00','48600438','1060510000-02-48600438','unit',32048.02,'Active','2023-12-14 06:07:11','2023-12-14 06:07:11'),(89,1060510000,'PISTOL CALIBER. 45 (JERICHO)','SHORT FIREARMS','0000-00-00','48600447','1060510000-02-48600447','unit',32048.02,'Active','2023-12-14 06:07:53','2023-12-14 06:07:53'),(90,1060510000,'PISTOL CALIBER. 45 (JERICHO)','SHORT FIREARMS','0000-00-00','48600448','1060510000-02-48600448','unit',32048.02,'Active','2023-12-14 07:12:21','2023-12-14 07:12:21'),(91,1060510000,'PISTOL CALIBER. 45 (JERICHO)','SHORT FIREARMS','0000-00-00','48600450','1060510000-02-48600450','unit',32048.02,'Active','2023-12-14 07:12:56','2023-12-14 07:12:56'),(92,1060510000,'PISTOL CALIBER. 45 (JERICHO)','SHORT FIREARMS','0000-00-00','48600459','1060510000-02-48600459','unit',32048.02,'Active','2023-12-14 07:13:14','2023-12-14 07:13:14'),(93,1060510000,'PISTOL CALIBER. 45 (JERICHO)','SHORT FIREARMS','0000-00-00','48600461','1060510000-02-48600461','unit',32048.02,'Active','2023-12-14 07:13:31','2023-12-14 07:13:31'),(94,1060510000,'PISTOL CALIBER. 45 (JERICHO)','SHORT FIREARMS','0000-00-00','48600462','1060510000-02-48600462','unit',32048.02,'Active','2023-12-14 07:14:04','2023-12-14 07:14:04'),(95,1060510000,'PISTOL CALIBER. 45 (JERICHO)','SHORT FIREARMS','0000-00-00','48600465','1060510000-02-48600465','unit',32048.02,'Active','2023-12-14 07:14:19','2023-12-14 07:14:19'),(96,1060510000,'PISTOL CALIBER. 45 (JERICHO)','SHORT FIREARMS','0000-00-00','48600467','1060510000-02-48600467','unit',32048.02,'Active','2023-12-14 07:14:29','2023-12-14 07:14:29'),(97,1060599000,'Generator Set ','Not Available','2018-11-29','GSR4B02','1060599000-11-R4B02','unit',3598000.00,'Active','2023-12-14 07:27:13','2023-12-14 07:27:13');
/*!40000 ALTER TABLE `asset` ENABLE KEYS */;
UNLOCK TABLES;

--
-- Table structure for table `asset_audit`
--

DROP TABLE IF EXISTS `asset_audit`;
/*!40101 SET @saved_cs_client     = @@character_set_client */;
/*!50503 SET character_set_client = utf8mb4 */;
CREATE TABLE `asset_audit` (
  `audit_id` int unsigned NOT NULL AUTO_INCREMENT,
  `asset_id` int unsigned NOT NULL,
  `audit_date` timestamp NOT NULL,
  `EmployeeID` varchar(20) NOT NULL,
  `created_at` timestamp NULL DEFAULT NULL,
  `updated_at` timestamp NULL DEFAULT NULL,
  PRIMARY KEY (`audit_id`),
  KEY `asset_audit_asset_id_foreign` (`asset_id`),
  KEY `asset_audit_EmployeeID_foreign` (`EmployeeID`),
  CONSTRAINT `asset_audit_asset_id_foreign` FOREIGN KEY (`asset_id`) REFERENCES `asset` (`asset_id`),
  CONSTRAINT `asset_audit_EmployeeID_foreign` FOREIGN KEY (`EmployeeID`) REFERENCES `personal_information` (`EmployeeID`) ON DELETE CASCADE ON UPDATE CASCADE
) ENGINE=InnoDB AUTO_INCREMENT=103 DEFAULT CHARSET=utf8mb3;
/*!40101 SET character_set_client = @saved_cs_client */;

--
-- Dumping data for table `asset_audit`
--

LOCK TABLES `asset_audit` WRITE;
/*!40000 ALTER TABLE `asset_audit` DISABLE KEYS */;
INSERT INTO `asset_audit` VALUES (1,1,'2023-12-14 02:16:56','Admin2','2023-12-14 02:16:56','2023-12-14 02:16:56'),(2,2,'2023-12-14 04:11:28','Admin2','2023-12-14 04:11:28','2023-12-14 04:11:28'),(3,3,'2023-12-14 04:13:24','Admin2','2023-12-14 04:13:24','2023-12-14 04:13:24'),(4,4,'2023-12-14 04:14:58','Admin2','2023-12-14 04:14:58','2023-12-14 04:14:58'),(10,10,'2023-12-14 04:23:15','Admin2','2023-12-14 04:23:15','2023-12-14 04:23:15'),(11,11,'2023-12-14 04:24:21','Admin2','2023-12-14 04:24:21','2023-12-14 04:24:21'),(12,12,'2023-12-14 04:26:08','Admin2','2023-12-14 04:26:08','2023-12-14 04:26:08'),(13,13,'2023-12-14 04:31:36','Admin2','2023-12-14 04:31:36','2023-12-14 04:31:36'),(14,14,'2023-12-14 04:32:37','Admin2','2023-12-14 04:32:37','2023-12-14 04:32:37'),(15,15,'2023-12-14 04:33:33','Admin2','2023-12-14 04:33:33','2023-12-14 04:33:33'),(16,16,'2023-12-14 04:34:28','Admin2','2023-12-14 04:34:28','2023-12-14 04:34:28'),(17,17,'2023-12-14 04:35:26','Admin2','2023-12-14 04:35:26','2023-12-14 04:35:26'),(18,18,'2023-12-14 04:36:25','Admin2','2023-12-14 04:36:25','2023-12-14 04:36:25'),(19,19,'2023-12-14 04:36:55','Admin2','2023-12-14 04:36:55','2023-12-14 04:36:55'),(20,20,'2023-12-14 04:37:19','Admin2','2023-12-14 04:37:19','2023-12-14 04:37:19'),(21,21,'2023-12-14 04:37:56','Admin2','2023-12-14 04:37:56','2023-12-14 04:37:56'),(22,22,'2023-12-14 04:38:43','Admin2','2023-12-14 04:38:43','2023-12-14 04:38:43'),(23,23,'2023-12-14 04:39:14','Admin2','2023-12-14 04:39:14','2023-12-14 04:39:14'),(24,24,'2023-12-14 04:39:38','Admin2','2023-12-14 04:39:38','2023-12-14 04:39:38'),(25,25,'2023-12-14 04:41:47','Admin2','2023-12-14 04:41:47','2023-12-14 04:41:47'),(26,26,'2023-12-14 04:42:24','Admin2','2023-12-14 04:42:24','2023-12-14 04:42:24'),(27,27,'2023-12-14 04:42:52','Admin2','2023-12-14 04:42:52','2023-12-14 04:42:52'),(28,28,'2023-12-14 04:43:10','Admin2','2023-12-14 04:43:10','2023-12-14 04:43:10'),(29,29,'2023-12-14 04:43:30','Admin2','2023-12-14 04:43:30','2023-12-14 04:43:30'),(30,30,'2023-12-14 04:44:00','Admin2','2023-12-14 04:44:00','2023-12-14 04:44:00'),(31,31,'2023-12-14 04:44:27','Admin2','2023-12-14 04:44:27','2023-12-14 04:44:27'),(32,32,'2023-12-14 04:44:57','Admin2','2023-12-14 04:44:57','2023-12-14 04:44:57'),(33,33,'2023-12-14 04:45:22','Admin2','2023-12-14 04:45:22','2023-12-14 04:45:22'),(34,34,'2023-12-14 04:45:33','Admin2','2023-12-14 04:45:33','2023-12-14 04:45:33'),(35,35,'2023-12-14 04:47:00','Admin2','2023-12-14 04:47:00','2023-12-14 04:47:00'),(36,36,'2023-12-14 04:47:44','Admin2','2023-12-14 04:47:44','2023-12-14 04:47:44'),(37,37,'2023-12-14 04:48:49','Admin2','2023-12-14 04:48:49','2023-12-14 04:48:49'),(38,38,'2023-12-14 04:50:24','Admin2','2023-12-14 04:50:24','2023-12-14 04:50:24'),(39,39,'2023-12-14 04:50:49','Admin2','2023-12-14 04:50:49','2023-12-14 04:50:49'),(40,40,'2023-12-14 04:52:04','Admin2','2023-12-14 04:52:04','2023-12-14 04:52:04'),(41,41,'2023-12-14 04:52:41','Admin2','2023-12-14 04:52:41','2023-12-14 04:52:41'),(42,42,'2023-12-14 04:53:57','Admin2','2023-12-14 04:53:57','2023-12-14 04:53:57'),(43,43,'2023-12-14 04:54:28','Admin2','2023-12-14 04:54:28','2023-12-14 04:54:28'),(45,45,'2023-12-14 04:55:22','Admin2','2023-12-14 04:55:22','2023-12-14 04:55:22'),(46,46,'2023-12-14 04:56:23','Admin2','2023-12-14 04:56:23','2023-12-14 04:56:23'),(47,47,'2023-12-14 04:56:38','Admin2','2023-12-14 04:56:38','2023-12-14 04:56:38'),(48,48,'2023-12-14 04:56:56','Admin2','2023-12-14 04:56:56','2023-12-14 04:56:56'),(49,49,'2023-12-14 05:00:39','Admin2','2023-12-14 05:00:39','2023-12-14 05:00:39'),(50,50,'2023-12-14 05:01:28','Admin2','2023-12-14 05:01:28','2023-12-14 05:01:28'),(51,51,'2023-12-14 05:02:34','Admin2','2023-12-14 05:02:34','2023-12-14 05:02:34'),(52,52,'2023-12-14 05:03:20','Admin2','2023-12-14 05:03:20','2023-12-14 05:03:20'),(53,53,'2023-12-14 05:05:27','Admin2','2023-12-14 05:05:27','2023-12-14 05:05:27'),(54,54,'2023-12-14 05:06:39','Admin2','2023-12-14 05:06:39','2023-12-14 05:06:39'),(55,55,'2023-12-14 05:07:23','Admin2','2023-12-14 05:07:23','2023-12-14 05:07:23'),(59,59,'2023-12-14 05:11:16','Admin2','2023-12-14 05:11:16','2023-12-14 05:11:16'),(60,60,'2023-12-14 05:11:38','Admin2','2023-12-14 05:11:38','2023-12-14 05:11:38'),(62,62,'2023-12-14 05:15:55','Admin2','2023-12-14 05:15:55','2023-12-14 05:15:55'),(63,63,'2023-12-14 05:17:04','Admin2','2023-12-14 05:17:04','2023-12-14 05:17:04'),(64,64,'2023-12-14 05:17:47','Admin2','2023-12-14 05:17:47','2023-12-14 05:17:47'),(65,65,'2023-12-14 05:21:23','Admin2','2023-12-14 05:21:23','2023-12-14 05:21:23'),(66,66,'2023-12-14 05:22:16','Admin2','2023-12-14 05:22:16','2023-12-14 05:22:16'),(68,68,'2023-12-14 05:22:58','Admin2','2023-12-14 05:22:58','2023-12-14 05:22:58'),(69,69,'2023-12-14 05:23:38','Admin2','2023-12-14 05:23:38','2023-12-14 05:23:38'),(70,70,'2023-12-14 05:24:29','Admin2','2023-12-14 05:24:29','2023-12-14 05:24:29'),(71,71,'2023-12-14 05:25:01','Admin2','2023-12-14 05:25:01','2023-12-14 05:25:01'),(72,72,'2023-12-14 05:26:15','Admin2','2023-12-14 05:26:15','2023-12-14 05:26:15'),(73,73,'2023-12-14 05:30:08','Admin2','2023-12-14 05:30:08','2023-12-14 05:30:08'),(74,74,'2023-12-14 05:32:36','Admin2','2023-12-14 05:32:36','2023-12-14 05:32:36'),(75,75,'2023-12-14 05:45:10','Admin2','2023-12-14 05:45:10','2023-12-14 05:45:10'),(76,76,'2023-12-14 05:45:41','Admin2','2023-12-14 05:45:41','2023-12-14 05:45:41'),(77,77,'2023-12-14 05:46:22','Admin2','2023-12-14 05:46:22','2023-12-14 05:46:22'),(78,78,'2023-12-14 05:46:38','Admin2','2023-12-14 05:46:38','2023-12-14 05:46:38'),(79,79,'2023-12-14 05:48:10','Admin2','2023-12-14 05:48:10','2023-12-14 05:48:10'),(80,80,'2023-12-14 05:48:27','Admin2','2023-12-14 05:48:27','2023-12-14 05:48:27'),(81,81,'2023-12-14 05:48:40','Admin2','2023-12-14 05:48:40','2023-12-14 05:48:40'),(82,82,'2023-12-14 05:48:59','Admin2','2023-12-14 05:48:59','2023-12-14 05:48:59'),(83,83,'2023-12-14 05:49:23','Admin2','2023-12-14 05:49:23','2023-12-14 05:49:23'),(84,84,'2023-12-14 05:49:41','Admin2','2023-12-14 05:49:41','2023-12-14 05:49:41'),(85,85,'2023-12-14 05:49:59','Admin2','2023-12-14 05:49:59','2023-12-14 05:49:59'),(86,86,'2023-12-14 05:50:14','Admin2','2023-12-14 05:50:14','2023-12-14 05:50:14'),(87,87,'2023-12-14 05:50:31','Admin2','2023-12-14 05:50:31','2023-12-14 05:50:31'),(88,88,'2023-12-14 06:07:11','Admin2','2023-12-14 06:07:11','2023-12-14 06:07:11'),(89,89,'2023-12-14 06:07:53','Admin2','2023-12-14 06:07:53','2023-12-14 06:07:53'),(90,90,'2023-12-14 07:12:21','Admin2','2023-12-14 07:12:21','2023-12-14 07:12:21'),(91,91,'2023-12-14 07:12:56','Admin2','2023-12-14 07:12:56','2023-12-14 07:12:56'),(92,92,'2023-12-14 07:13:14','Admin2','2023-12-14 07:13:14','2023-12-14 07:13:14'),(93,93,'2023-12-14 07:13:31','Admin2','2023-12-14 07:13:31','2023-12-14 07:13:31'),(94,94,'2023-12-14 07:14:04','Admin2','2023-12-14 07:14:04','2023-12-14 07:14:04'),(95,95,'2023-12-14 07:14:19','Admin2','2023-12-14 07:14:19','2023-12-14 07:14:19'),(96,96,'2023-12-14 07:14:29','Admin2','2023-12-14 07:14:29','2023-12-14 07:14:29'),(97,97,'2023-12-14 07:27:13','Admin2','2023-12-14 07:27:13','2023-12-14 07:27:13');
/*!40000 ALTER TABLE `asset_audit` ENABLE KEYS */;
UNLOCK TABLES;

--
-- Table structure for table `asset_location`
--

DROP TABLE IF EXISTS `asset_location`;
/*!40101 SET @saved_cs_client     = @@character_set_client */;
/*!50503 SET character_set_client = utf8mb4 */;
CREATE TABLE `asset_location` (
  `location_id` int unsigned NOT NULL AUTO_INCREMENT,
  `asset_id` int unsigned NOT NULL,
  `EmployeeID` varchar(20) DEFAULT NULL,
  `department_id` int DEFAULT NULL,
  `provincial_office_id` int DEFAULT NULL,
  `regional_office_id` int unsigned DEFAULT NULL,
  `remarks_whereabouts` text NOT NULL,
  `created_at` timestamp NULL DEFAULT NULL,
  `updated_at` timestamp NULL DEFAULT NULL,
  PRIMARY KEY (`location_id`),
  KEY `asset_location_asset_id_foreign` (`asset_id`),
  KEY `asset_location_EmployeeID_foreign` (`EmployeeID`),
  KEY `asset_location_department_id_foreign` (`department_id`),
  KEY `asset_location_provincial_office_id_foreign` (`provincial_office_id`),
  KEY `asset_location_regional_office_id_foreign` (`regional_office_id`),
  CONSTRAINT `asset_location_asset_id_foreign` FOREIGN KEY (`asset_id`) REFERENCES `asset` (`asset_id`) ON DELETE CASCADE ON UPDATE CASCADE,
  CONSTRAINT `asset_location_department_id_foreign` FOREIGN KEY (`department_id`) REFERENCES `department` (`department_id`) ON DELETE CASCADE ON UPDATE SET NULL,
  CONSTRAINT `asset_location_EmployeeID_foreign` FOREIGN KEY (`EmployeeID`) REFERENCES `personal_information` (`EmployeeID`) ON DELETE CASCADE ON UPDATE SET NULL,
  CONSTRAINT `asset_location_provincial_office_id_foreign` FOREIGN KEY (`provincial_office_id`) REFERENCES `provincial_office` (`provincial_office_id`) ON DELETE CASCADE ON UPDATE SET NULL,
  CONSTRAINT `asset_location_regional_office_id_foreign` FOREIGN KEY (`regional_office_id`) REFERENCES `regional_office` (`regional_office_id`) ON DELETE CASCADE ON UPDATE SET NULL
) ENGINE=InnoDB AUTO_INCREMENT=103 DEFAULT CHARSET=utf8mb3;
/*!40101 SET character_set_client = @saved_cs_client */;

--
-- Dumping data for table `asset_location`
--

LOCK TABLES `asset_location` WRITE;
/*!40000 ALTER TABLE `asset_location` DISABLE KEYS */;
INSERT INTO `asset_location` VALUES (1,1,NULL,NULL,NULL,NULL,'Not Available','2023-12-14 02:16:56','2023-12-14 02:16:56'),(2,2,NULL,NULL,NULL,NULL,'RO (Regional Ofiice)','2023-12-14 04:11:28','2023-12-14 04:11:28'),(3,3,NULL,NULL,NULL,NULL,'RO (Regional Ofiice)','2023-12-14 04:13:24','2023-12-14 04:13:24'),(4,4,NULL,NULL,NULL,NULL,'RO (Regional Ofiice)','2023-12-14 04:14:58','2023-12-14 04:14:58'),(10,10,NULL,NULL,NULL,NULL,'Laboratory','2023-12-14 04:23:15','2023-12-14 04:23:15'),(11,11,NULL,NULL,NULL,NULL,'Laboratory','2023-12-14 04:24:21','2023-12-14 04:24:21'),(12,12,NULL,NULL,NULL,NULL,'Juan Dela Cruz','2023-12-14 04:26:08','2023-12-14 04:26:08'),(13,13,NULL,NULL,NULL,NULL,'Not Available','2023-12-14 04:31:36','2023-12-14 04:31:36'),(14,14,NULL,NULL,NULL,NULL,'Not Available','2023-12-14 04:32:37','2023-12-14 04:32:37'),(15,15,NULL,NULL,NULL,NULL,'Not Available','2023-12-14 04:33:33','2023-12-14 04:33:33'),(16,16,NULL,NULL,NULL,NULL,'Not Available','2023-12-14 04:34:28','2023-12-14 04:34:28'),(17,17,NULL,NULL,NULL,NULL,'Not Available','2023-12-14 04:35:26','2023-12-14 04:35:26'),(18,18,NULL,NULL,NULL,NULL,'Not Available','2023-12-14 04:36:25','2023-12-14 04:36:25'),(19,19,NULL,NULL,NULL,NULL,'Not Available','2023-12-14 04:36:55','2023-12-14 04:36:55'),(20,20,NULL,NULL,NULL,NULL,'Not Available','2023-12-14 04:37:19','2023-12-14 04:37:19'),(21,21,NULL,NULL,NULL,NULL,'Not Available','2023-12-14 04:37:56','2023-12-14 04:37:56'),(22,22,NULL,NULL,NULL,NULL,'Not Available','2023-12-14 04:38:43','2023-12-14 04:38:43'),(23,23,NULL,NULL,NULL,NULL,'Not Available','2023-12-14 04:39:14','2023-12-14 04:39:14'),(24,24,NULL,NULL,NULL,NULL,'Not Available','2023-12-14 04:39:38','2023-12-14 04:39:38'),(25,25,NULL,NULL,NULL,NULL,'Not Available','2023-12-14 04:41:47','2023-12-14 04:41:47'),(26,26,NULL,NULL,NULL,NULL,'Not Available','2023-12-14 04:42:24','2023-12-14 04:42:24'),(27,27,NULL,NULL,NULL,NULL,'Not Available','2023-12-14 04:42:52','2023-12-14 04:42:52'),(28,28,NULL,NULL,NULL,NULL,'Not Available','2023-12-14 04:43:10','2023-12-14 04:43:10'),(29,29,NULL,NULL,NULL,NULL,'Not Available','2023-12-14 04:43:30','2023-12-14 04:43:30'),(30,30,NULL,NULL,NULL,NULL,'Not Available','2023-12-14 04:44:00','2023-12-14 04:44:00'),(31,31,NULL,NULL,NULL,NULL,'Not Available','2023-12-14 04:44:27','2023-12-14 04:44:27'),(32,32,NULL,NULL,NULL,NULL,'Not Available','2023-12-14 04:44:57','2023-12-14 04:44:57'),(33,33,NULL,NULL,NULL,NULL,'Not Available','2023-12-14 04:45:22','2023-12-14 04:45:22'),(34,34,NULL,NULL,NULL,NULL,'Not Available','2023-12-14 04:45:33','2023-12-14 04:45:33'),(35,35,NULL,NULL,NULL,NULL,'Not Available','2023-12-14 04:47:00','2023-12-14 04:47:00'),(36,36,NULL,NULL,NULL,NULL,'Not Available','2023-12-14 04:47:44','2023-12-14 04:47:44'),(37,37,NULL,NULL,NULL,NULL,'Not Available','2023-12-14 04:48:49','2023-12-14 04:48:49'),(38,38,NULL,NULL,NULL,NULL,'Not Available','2023-12-14 04:50:24','2023-12-14 04:50:24'),(39,39,NULL,NULL,NULL,NULL,'Not Available','2023-12-14 04:50:49','2023-12-14 04:50:49'),(40,40,NULL,NULL,NULL,NULL,'Not Available','2023-12-14 04:52:04','2023-12-14 04:52:04'),(41,41,NULL,NULL,NULL,NULL,'Not Available','2023-12-14 04:52:41','2023-12-14 04:52:41'),(42,42,NULL,NULL,NULL,NULL,'Not Available','2023-12-14 04:53:57','2023-12-14 04:53:57'),(43,43,NULL,NULL,NULL,NULL,'Not Available','2023-12-14 04:54:28','2023-12-14 04:54:28'),(45,45,NULL,NULL,NULL,NULL,'Not Available','2023-12-14 04:55:22','2023-12-14 04:55:22'),(46,46,NULL,NULL,NULL,NULL,'Not Available','2023-12-14 04:56:23','2023-12-14 04:56:23'),(47,47,NULL,NULL,NULL,NULL,'Not Available','2023-12-14 04:56:38','2023-12-14 04:56:38'),(48,48,NULL,NULL,NULL,NULL,'Not Available','2023-12-14 04:56:56','2023-12-14 04:56:56'),(49,49,NULL,NULL,NULL,NULL,'Laboratory Office','2023-12-14 05:00:39','2023-12-14 05:00:39'),(50,50,NULL,NULL,NULL,NULL,'Laboratory Office','2023-12-14 05:01:28','2023-12-14 05:01:28'),(51,51,NULL,NULL,NULL,NULL,'Laboratory Office','2023-12-14 05:02:34','2023-12-14 05:02:34'),(52,52,NULL,NULL,NULL,NULL,'Laboratory Office','2023-12-14 05:03:20','2023-12-14 05:03:20'),(53,53,NULL,NULL,NULL,NULL,'Laboratory Office','2023-12-14 05:05:27','2023-12-14 05:05:27'),(54,54,NULL,NULL,NULL,NULL,'Laboratory Office','2023-12-14 05:06:39','2023-12-14 05:06:39'),(55,55,NULL,NULL,NULL,NULL,'Laboratory Office','2023-12-14 05:07:23','2023-12-14 05:07:23'),(59,59,NULL,NULL,NULL,NULL,'Laboratory Office','2023-12-14 05:11:16','2023-12-14 05:11:16'),(60,60,NULL,NULL,NULL,NULL,'Laboratory Office','2023-12-14 05:11:38','2023-12-14 05:11:38'),(62,62,NULL,NULL,NULL,NULL,'Not Available','2023-12-14 05:15:55','2023-12-14 05:15:55'),(63,63,NULL,NULL,NULL,NULL,'Not Available','2023-12-14 05:17:04','2023-12-14 05:17:04'),(64,64,NULL,NULL,NULL,NULL,'Not Available','2023-12-14 05:17:47','2023-12-14 05:17:47'),(65,65,NULL,NULL,NULL,NULL,'Not Available','2023-12-14 05:21:23','2023-12-14 05:21:23'),(66,66,NULL,NULL,NULL,NULL,'Not Available','2023-12-14 05:22:16','2023-12-14 05:22:16'),(68,68,NULL,NULL,NULL,NULL,'Not Available','2023-12-14 05:22:58','2023-12-14 05:22:58'),(69,69,NULL,NULL,NULL,NULL,'Not Available','2023-12-14 05:23:38','2023-12-14 05:23:38'),(70,70,NULL,NULL,NULL,NULL,'Not Available','2023-12-14 05:24:29','2023-12-14 05:24:29'),(71,71,NULL,NULL,NULL,NULL,'Not Available','2023-12-14 05:25:01','2023-12-14 05:25:01'),(72,72,NULL,NULL,NULL,NULL,'Not Available','2023-12-14 05:26:15','2023-12-14 05:26:15'),(73,73,NULL,NULL,NULL,NULL,'Not Available','2023-12-14 05:30:08','2023-12-14 05:30:08'),(74,74,NULL,NULL,NULL,NULL,'Not Available','2023-12-14 05:32:36','2023-12-14 05:32:36'),(75,75,NULL,NULL,NULL,NULL,'Not Available','2023-12-14 05:45:10','2023-12-14 05:45:10'),(76,76,NULL,NULL,NULL,NULL,'Not Available','2023-12-14 05:45:41','2023-12-14 05:45:41'),(77,77,NULL,NULL,NULL,NULL,'Not Available','2023-12-14 05:46:22','2023-12-14 05:46:22'),(78,78,NULL,NULL,NULL,NULL,'Not Available','2023-12-14 05:46:38','2023-12-14 05:46:38'),(79,79,NULL,NULL,NULL,NULL,'Not Available','2023-12-14 05:48:10','2023-12-14 05:48:10'),(80,80,NULL,NULL,NULL,NULL,'Not Available','2023-12-14 05:48:27','2023-12-14 05:48:27'),(81,81,NULL,NULL,NULL,NULL,'Not Available','2023-12-14 05:48:40','2023-12-14 05:48:40'),(82,82,NULL,NULL,NULL,NULL,'Not Available','2023-12-14 05:48:59','2023-12-14 05:48:59'),(83,83,NULL,NULL,NULL,NULL,'Not Available','2023-12-14 05:49:23','2023-12-14 05:49:23'),(84,84,NULL,NULL,NULL,NULL,'Not Available','2023-12-14 05:49:41','2023-12-14 05:49:41'),(85,85,NULL,NULL,NULL,NULL,'Not Available','2023-12-14 05:49:59','2023-12-14 05:49:59'),(86,86,NULL,NULL,NULL,NULL,'Not Available','2023-12-14 05:50:14','2023-12-14 05:50:14'),(87,87,NULL,NULL,NULL,NULL,'Not Available','2023-12-14 05:50:31','2023-12-14 05:50:31'),(88,88,NULL,NULL,NULL,NULL,'Not Available','2023-12-14 06:07:11','2023-12-14 06:07:11'),(89,89,NULL,NULL,NULL,NULL,'Not Available','2023-12-14 06:07:53','2023-12-14 06:07:53'),(90,90,NULL,NULL,NULL,NULL,'Not Available','2023-12-14 07:12:21','2023-12-14 07:12:21'),(91,91,NULL,NULL,NULL,NULL,'Not Available','2023-12-14 07:12:56','2023-12-14 07:12:56'),(92,92,NULL,NULL,NULL,NULL,'Not Available','2023-12-14 07:13:14','2023-12-14 07:13:14'),(93,93,NULL,NULL,NULL,NULL,'Not Available','2023-12-14 07:13:31','2023-12-14 07:13:31'),(94,94,NULL,NULL,NULL,NULL,'Not Available','2023-12-14 07:14:04','2023-12-14 07:14:04'),(95,95,NULL,NULL,NULL,NULL,'Not Available','2023-12-14 07:14:19','2023-12-14 07:14:19'),(96,96,NULL,NULL,NULL,NULL,'Not Available','2023-12-14 07:14:29','2023-12-14 07:14:29'),(97,97,NULL,NULL,NULL,NULL,'Not Available','2023-12-14 07:27:13','2023-12-14 07:27:13');
/*!40000 ALTER TABLE `asset_location` ENABLE KEYS */;
UNLOCK TABLES;

--
-- Table structure for table `asset_status`
--

DROP TABLE IF EXISTS `asset_status`;
/*!40101 SET @saved_cs_client     = @@character_set_client */;
/*!50503 SET character_set_client = utf8mb4 */;
CREATE TABLE `asset_status` (
  `status_id` int unsigned NOT NULL AUTO_INCREMENT,
  `asset_id` int unsigned NOT NULL,
  `qty_per_property_card` int NOT NULL,
  `physical_count` int NOT NULL,
  `shortage_overage_qty` int NOT NULL,
  `shortage_overage_value` decimal(10,2) NOT NULL,
  `status` varchar(50) NOT NULL,
  `created_at` timestamp NULL DEFAULT NULL,
  `updated_at` timestamp NULL DEFAULT NULL,
  PRIMARY KEY (`status_id`),
  KEY `asset_status_asset_id_foreign` (`asset_id`),
  CONSTRAINT `asset_status_asset_id_foreign` FOREIGN KEY (`asset_id`) REFERENCES `asset` (`asset_id`)
) ENGINE=InnoDB AUTO_INCREMENT=103 DEFAULT CHARSET=utf8mb3;
/*!40101 SET character_set_client = @saved_cs_client */;

--
-- Dumping data for table `asset_status`
--

LOCK TABLES `asset_status` WRITE;
/*!40000 ALTER TABLE `asset_status` DISABLE KEYS */;
INSERT INTO `asset_status` VALUES (1,1,0,0,0,0.00,'Not Available','2023-12-14 02:16:56','2023-12-14 02:16:56'),(2,2,1,1,0,0.00,'svc','2023-12-14 04:11:28','2023-12-14 04:11:28'),(3,3,1,1,0,0.00,'svc','2023-12-14 04:13:24','2023-12-14 04:13:24'),(4,4,1,1,0,0.00,'svc','2023-12-14 04:14:58','2023-12-14 04:14:58'),(10,10,1,1,0,0.00,'svc','2023-12-14 04:23:15','2023-12-14 04:23:15'),(11,11,1,1,0,0.00,'svc','2023-12-14 04:24:21','2023-12-14 04:24:21'),(12,12,1,1,0,0.00,'svc','2023-12-14 04:26:08','2023-12-14 04:26:08'),(13,13,1,1,0,0.00,'svc','2023-12-14 04:31:36','2023-12-14 04:31:36'),(14,14,1,1,0,0.00,'svc','2023-12-14 04:32:37','2023-12-14 04:32:37'),(15,15,1,1,0,0.00,'svc','2023-12-14 04:33:33','2023-12-14 04:33:33'),(16,16,1,1,0,0.00,'svc','2023-12-14 04:34:28','2023-12-14 04:34:28'),(17,17,1,1,0,0.00,'svc','2023-12-14 04:35:26','2023-12-14 04:35:26'),(18,18,1,1,0,0.00,'svc','2023-12-14 04:36:25','2023-12-14 04:36:25'),(19,19,1,1,0,0.00,'svc','2023-12-14 04:36:55','2023-12-14 04:36:55'),(20,20,1,1,0,0.00,'svc','2023-12-14 04:37:19','2023-12-14 04:37:19'),(21,21,1,1,0,0.00,'svc','2023-12-14 04:37:56','2023-12-14 04:37:56'),(22,22,1,1,0,0.00,'svc','2023-12-14 04:38:43','2023-12-14 04:38:43'),(23,23,1,1,0,0.00,'svc','2023-12-14 04:39:14','2023-12-14 04:39:14'),(24,24,1,1,0,0.00,'svc','2023-12-14 04:39:38','2023-12-14 04:39:38'),(25,25,1,1,0,0.00,'svc','2023-12-14 04:41:47','2023-12-14 04:41:47'),(26,26,1,1,0,0.00,'svc','2023-12-14 04:42:24','2023-12-14 04:42:24'),(27,27,1,1,0,0.00,'svc','2023-12-14 04:42:52','2023-12-14 04:42:52'),(28,28,1,1,0,0.00,'svc','2023-12-14 04:43:10','2023-12-14 04:43:10'),(29,29,1,1,0,0.00,'svc','2023-12-14 04:43:30','2023-12-14 04:43:30'),(30,30,1,1,0,0.00,'svc','2023-12-14 04:44:00','2023-12-14 04:44:00'),(31,31,1,1,0,0.00,'svc','2023-12-14 04:44:27','2023-12-14 04:44:27'),(32,32,1,1,0,0.00,'svc','2023-12-14 04:44:57','2023-12-14 04:44:57'),(33,33,1,1,0,0.00,'svc','2023-12-14 04:45:22','2023-12-14 04:45:22'),(34,34,1,1,0,0.00,'svc','2023-12-14 04:45:33','2023-12-14 04:45:33'),(35,35,1,1,0,0.00,'svc','2023-12-14 04:47:00','2023-12-14 04:47:00'),(36,36,1,1,0,0.00,'svc','2023-12-14 04:47:44','2023-12-14 04:47:44'),(37,37,1,1,0,0.00,'svc','2023-12-14 04:48:49','2023-12-14 04:48:49'),(38,38,1,1,0,0.00,'svc','2023-12-14 04:50:24','2023-12-14 04:50:24'),(39,39,1,1,0,0.00,'svc','2023-12-14 04:50:49','2023-12-14 04:50:49'),(40,40,1,1,0,0.00,'svc','2023-12-14 04:52:04','2023-12-14 04:52:04'),(41,41,1,1,0,0.00,'svc','2023-12-14 04:52:41','2023-12-14 04:52:41'),(42,42,1,1,0,0.00,'svc','2023-12-14 04:53:57','2023-12-14 04:53:57'),(43,43,1,1,0,0.00,'svc','2023-12-14 04:54:28','2023-12-14 04:54:28'),(45,45,1,1,0,0.00,'svc','2023-12-14 04:55:22','2023-12-14 04:55:22'),(46,46,1,1,0,0.00,'svc','2023-12-14 04:56:23','2023-12-14 04:56:23'),(47,47,1,1,0,0.00,'svc','2023-12-14 04:56:38','2023-12-14 04:56:38'),(48,48,1,1,0,0.00,'svc','2023-12-14 04:56:56','2023-12-14 04:56:56'),(49,49,1,1,0,0.00,'svc','2023-12-14 05:00:39','2023-12-14 05:00:39'),(50,50,1,1,0,0.00,'svc','2023-12-14 05:01:28','2023-12-14 05:01:28'),(51,51,1,1,0,0.00,'svc','2023-12-14 05:02:34','2023-12-14 05:02:34'),(52,52,1,1,0,0.00,'svc','2023-12-14 05:03:20','2023-12-14 05:03:20'),(53,53,1,1,0,0.00,'svc','2023-12-14 05:05:27','2023-12-14 05:05:27'),(54,54,1,1,0,0.00,'svc','2023-12-14 05:06:39','2023-12-14 05:06:39'),(55,55,1,1,0,0.00,'svc','2023-12-14 05:07:23','2023-12-14 05:07:23'),(59,59,1,1,0,0.00,'svc','2023-12-14 05:11:16','2023-12-14 05:11:16'),(60,60,1,1,0,0.00,'svc','2023-12-14 05:11:38','2023-12-14 05:11:38'),(62,62,1,1,0,0.00,'svc','2023-12-14 05:15:55','2023-12-14 05:15:55'),(63,63,1,1,0,0.00,'svc','2023-12-14 05:17:04','2023-12-14 05:17:04'),(64,64,1,1,0,0.00,'svc','2023-12-14 05:17:47','2023-12-14 05:17:47'),(65,65,1,1,0,0.00,'svc','2023-12-14 05:21:23','2023-12-14 05:21:23'),(66,66,1,1,0,0.00,'svc','2023-12-14 05:22:16','2023-12-14 05:22:16'),(68,68,1,1,0,0.00,'svc','2023-12-14 05:22:58','2023-12-14 05:22:58'),(69,69,1,1,0,0.00,'svc','2023-12-14 05:23:38','2023-12-14 05:23:38'),(70,70,1,0,1,0.00,'svc','2023-12-14 05:24:29','2023-12-14 05:24:29'),(71,71,1,1,0,0.00,'svc','2023-12-14 05:25:01','2023-12-14 05:25:01'),(72,72,1,0,0,0.00,'svc','2023-12-14 05:26:15','2023-12-14 05:26:15'),(73,73,1,1,0,0.00,'svc','2023-12-14 05:30:08','2023-12-14 05:30:08'),(74,74,1,1,0,0.00,'svc','2023-12-14 05:32:36','2023-12-14 05:32:36'),(75,75,1,1,0,0.00,'svc','2023-12-14 05:45:10','2023-12-14 05:45:10'),(76,76,1,1,0,0.00,'svc','2023-12-14 05:45:41','2023-12-14 05:45:41'),(77,77,1,1,0,0.00,'svc','2023-12-14 05:46:22','2023-12-14 05:46:22'),(78,78,1,1,0,0.00,'svc','2023-12-14 05:46:38','2023-12-14 05:46:38'),(79,79,1,1,0,0.00,'svc','2023-12-14 05:48:10','2023-12-14 05:48:10'),(80,80,1,1,0,0.00,'svc','2023-12-14 05:48:27','2023-12-14 05:48:27'),(81,81,1,1,0,0.00,'svc','2023-12-14 05:48:40','2023-12-14 05:48:40'),(82,82,1,1,0,0.00,'svc','2023-12-14 05:48:59','2023-12-14 05:48:59'),(83,83,1,1,0,0.00,'svc','2023-12-14 05:49:23','2023-12-14 05:49:23'),(84,84,1,1,0,0.00,'svc','2023-12-14 05:49:41','2023-12-14 05:49:41'),(85,85,1,1,0,0.00,'svc','2023-12-14 05:49:59','2023-12-14 05:49:59'),(86,86,1,1,0,0.00,'svc','2023-12-14 05:50:14','2023-12-14 05:50:14'),(87,87,1,1,0,0.00,'svc','2023-12-14 05:50:31','2023-12-14 05:50:31'),(88,88,1,1,0,0.00,'svc','2023-12-14 06:07:11','2023-12-14 06:07:11'),(89,89,1,1,0,0.00,'svc','2023-12-14 06:07:53','2023-12-14 06:07:53'),(90,90,1,1,0,0.00,'svc','2023-12-14 07:12:21','2023-12-14 07:12:21'),(91,91,1,1,0,0.00,'svc','2023-12-14 07:12:56','2023-12-14 07:12:56'),(92,92,1,1,0,0.00,'svc','2023-12-14 07:13:14','2023-12-14 07:13:14'),(93,93,1,1,0,0.00,'svc','2023-12-14 07:13:31','2023-12-14 07:13:31'),(94,94,1,1,0,0.00,'svc','2023-12-14 07:14:04','2023-12-14 07:14:04'),(95,95,1,1,0,0.00,'svc','2023-12-14 07:14:19','2023-12-14 07:14:19'),(96,96,1,1,0,0.00,'svc','2023-12-14 07:14:29','2023-12-14 07:14:29'),(97,97,1,1,0,0.00,'svc','2023-12-14 07:27:13','2023-12-14 07:27:13');
/*!40000 ALTER TABLE `asset_status` ENABLE KEYS */;
UNLOCK TABLES;

--
-- Table structure for table `asset_type`
--

DROP TABLE IF EXISTS `asset_type`;
/*!40101 SET @saved_cs_client     = @@character_set_client */;
/*!50503 SET character_set_client = utf8mb4 */;
CREATE TABLE `asset_type` (
  `asset_type_id` int unsigned NOT NULL AUTO_INCREMENT,
  `type_name` varchar(255) NOT NULL,
  PRIMARY KEY (`asset_type_id`),
  UNIQUE KEY `type_name` (`type_name`)
) ENGINE=InnoDB AUTO_INCREMENT=1069899001 DEFAULT CHARSET=utf8mb3;
/*!40101 SET character_set_client = @saved_cs_client */;

--
-- Dumping data for table `asset_type`
--

LOCK TABLES `asset_type` WRITE;
/*!40000 ALTER TABLE `asset_type` DISABLE KEYS */;
INSERT INTO `asset_type` VALUES (1060401000,'BUILDINGS'),(1060507000,'COMMUNICATION EQUIPMENT'),(1060701000,'FURNITURE AND FIXTURE'),(1060503000,'IT EQUIPMENT AND SOFTWARE'),(1060702000,'LIBRARY BOOKS'),(1060511000,'MEDICAL, DENTAL AND LABORATORY EQUIPMENT'),(1060510000,'MILITARY AND POLICE EQUIPMENT (MPE)'),(1060601000,'MOTOR VEHICLES'),(1060501000,'OFFICE EQUIPMENT'),(1060599000,'OTHER MACHINERIES AND EQUIPMENT'),(1069899000,'OTHER PROPERTY, PLANT AND EQUIPMENT'),(1069801000,'OTHER WORKING ANIMALS'),(1060513000,'SPORTS EQUIPMENT');
/*!40000 ALTER TABLE `asset_type` ENABLE KEYS */;
UNLOCK TABLES;

--
-- Table structure for table `authentication_roles`
--

DROP TABLE IF EXISTS `authentication_roles`;
/*!40101 SET @saved_cs_client     = @@character_set_client */;
/*!50503 SET character_set_client = utf8mb4 */;
CREATE TABLE `authentication_roles` (
  `AuthRoleID` int NOT NULL AUTO_INCREMENT,
  `AuthRoleName` text NOT NULL,
  `created_at` timestamp NULL DEFAULT NULL,
  `updated_at` timestamp NULL DEFAULT NULL,
  PRIMARY KEY (`AuthRoleID`)
) ENGINE=InnoDB AUTO_INCREMENT=4 DEFAULT CHARSET=utf8mb3;
/*!40101 SET character_set_client = @saved_cs_client */;

--
-- Dumping data for table `authentication_roles`
--

LOCK TABLES `authentication_roles` WRITE;
/*!40000 ALTER TABLE `authentication_roles` DISABLE KEYS */;
INSERT INTO `authentication_roles` VALUES (1,'HR_ADMIN','2023-11-12 06:48:50','2023-11-12 06:48:50'),(2,'LOGISTICS_ADMIN','2023-11-12 06:48:50','2023-11-12 06:48:50'),(3,'NON_ADMIN','2023-11-12 06:48:50','2023-11-12 06:48:50');
/*!40000 ALTER TABLE `authentication_roles` ENABLE KEYS */;
UNLOCK TABLES;

--
-- Table structure for table `children`
--

DROP TABLE IF EXISTS `children`;
/*!40101 SET @saved_cs_client     = @@character_set_client */;
/*!50503 SET character_set_client = utf8mb4 */;
CREATE TABLE `children` (
  `child_id` int unsigned NOT NULL AUTO_INCREMENT,
  `family_id` int unsigned NOT NULL,
  `full_name` varchar(100) NOT NULL,
  `date_of_birth` date NOT NULL,
  `created_at` timestamp NULL DEFAULT NULL,
  `updated_at` timestamp NULL DEFAULT NULL,
  PRIMARY KEY (`child_id`),
  KEY `children_family_id_foreign` (`family_id`),
  CONSTRAINT `children_family_id_foreign` FOREIGN KEY (`family_id`) REFERENCES `family_background` (`family_id`) ON DELETE CASCADE ON UPDATE CASCADE
) ENGINE=InnoDB DEFAULT CHARSET=utf8mb3;
/*!40101 SET character_set_client = @saved_cs_client */;

--
-- Dumping data for table `children`
--

LOCK TABLES `children` WRITE;
/*!40000 ALTER TABLE `children` DISABLE KEYS */;
/*!40000 ALTER TABLE `children` ENABLE KEYS */;
UNLOCK TABLES;

--
-- Table structure for table `civil_service_eligibility`
--

DROP TABLE IF EXISTS `civil_service_eligibility`;
/*!40101 SET @saved_cs_client     = @@character_set_client */;
/*!50503 SET character_set_client = utf8mb4 */;
CREATE TABLE `civil_service_eligibility` (
  `eligibility_id` int NOT NULL AUTO_INCREMENT,
  `EmployeeID` varchar(20) NOT NULL,
  `career_service` varchar(255) DEFAULT NULL,
  `rating` decimal(5,2) DEFAULT NULL,
  `date_of_examination` date NOT NULL,
  `place_of_examination` varchar(255) NOT NULL,
  `license_number` varchar(50) DEFAULT NULL,
  `license_date_of_validity` date DEFAULT NULL,
  `created_at` timestamp NULL DEFAULT NULL,
  `updated_at` timestamp NULL DEFAULT NULL,
  PRIMARY KEY (`eligibility_id`),
  KEY `civil_service_eligibility_EmployeeID_foreign` (`EmployeeID`),
  CONSTRAINT `civil_service_eligibility_EmployeeID_foreign` FOREIGN KEY (`EmployeeID`) REFERENCES `personal_information` (`EmployeeID`)
) ENGINE=InnoDB DEFAULT CHARSET=utf8mb3;
/*!40101 SET character_set_client = @saved_cs_client */;

--
-- Dumping data for table `civil_service_eligibility`
--

LOCK TABLES `civil_service_eligibility` WRITE;
/*!40000 ALTER TABLE `civil_service_eligibility` DISABLE KEYS */;
/*!40000 ALTER TABLE `civil_service_eligibility` ENABLE KEYS */;
UNLOCK TABLES;

--
-- Table structure for table `department`
--

DROP TABLE IF EXISTS `department`;
/*!40101 SET @saved_cs_client     = @@character_set_client */;
/*!50503 SET character_set_client = utf8mb4 */;
CREATE TABLE `department` (
  `department_id` int NOT NULL AUTO_INCREMENT,
  `department_name` varchar(255) NOT NULL,
  PRIMARY KEY (`department_id`),
  UNIQUE KEY `department_name` (`department_name`)
) ENGINE=InnoDB DEFAULT CHARSET=utf8mb3;
/*!40101 SET character_set_client = @saved_cs_client */;

--
-- Dumping data for table `department`
--

LOCK TABLES `department` WRITE;
/*!40000 ALTER TABLE `department` DISABLE KEYS */;
/*!40000 ALTER TABLE `department` ENABLE KEYS */;
UNLOCK TABLES;

--
-- Table structure for table `designation`
--

DROP TABLE IF EXISTS `designation`;
/*!40101 SET @saved_cs_client     = @@character_set_client */;
/*!50503 SET character_set_client = utf8mb4 */;
CREATE TABLE `designation` (
  `DesignationID` int unsigned NOT NULL AUTO_INCREMENT,
  `DesignationName` text NOT NULL,
  `created_at` timestamp NULL DEFAULT NULL,
  `updated_at` timestamp NULL DEFAULT NULL,
  PRIMARY KEY (`DesignationID`)
) ENGINE=InnoDB AUTO_INCREMENT=19 DEFAULT CHARSET=utf8mb3;
/*!40101 SET character_set_client = @saved_cs_client */;

--
-- Dumping data for table `designation`
--

LOCK TABLES `designation` WRITE;
/*!40000 ALTER TABLE `designation` DISABLE KEYS */;
INSERT INTO `designation` VALUES (1,'RD\'s Secretary',NULL,NULL),(2,'Public Information Officer',NULL,NULL),(3,'Case Monitor',NULL,NULL),(4,'Supervising Administrative Officer',NULL,NULL),(5,'Human Resource Management Officer',NULL,NULL),(6,'Not Applicable',NULL,NULL);
/*!40000 ALTER TABLE `designation` ENABLE KEYS */;
UNLOCK TABLES;

--
-- Table structure for table `division`
--

DROP TABLE IF EXISTS `division`;
/*!40101 SET @saved_cs_client     = @@character_set_client */;
/*!50503 SET character_set_client = utf8mb4 */;
CREATE TABLE `division` (
  `DivisionID` int unsigned NOT NULL AUTO_INCREMENT,
  `DivisionName` varchar(100) NOT NULL,
  `created_at` timestamp NULL DEFAULT NULL,
  `updated_at` timestamp NULL DEFAULT NULL,
  PRIMARY KEY (`DivisionID`)
) ENGINE=InnoDB AUTO_INCREMENT=4 DEFAULT CHARSET=utf8mb3;
/*!40101 SET character_set_client = @saved_cs_client */;

--
-- Dumping data for table `division`
--

LOCK TABLES `division` WRITE;
/*!40000 ALTER TABLE `division` DISABLE KEYS */;
INSERT INTO `division` VALUES (1,'Operation Division',NULL,NULL),(2,'Administrative Division',NULL,NULL),(3,'Not Applicable',NULL,NULL);
/*!40000 ALTER TABLE `division` ENABLE KEYS */;
UNLOCK TABLES;

--
-- Table structure for table `educational_background`
--

DROP TABLE IF EXISTS `educational_background`;
/*!40101 SET @saved_cs_client     = @@character_set_client */;
/*!50503 SET character_set_client = utf8mb4 */;
CREATE TABLE `educational_background` (
  `education_id` int unsigned NOT NULL AUTO_INCREMENT,
  `EmployeeID` varchar(20) NOT NULL,
  `level` enum('Elementary','Secondary','Vocational','College','GraduateStudies') NOT NULL,
  `name_of_school` varchar(100) NOT NULL,
  `degree_course` varchar(100) DEFAULT NULL,
  `period_of_attendance_from` year DEFAULT NULL,
  `period_of_attendance_to` year DEFAULT NULL,
  `highest_level_units_earned` int DEFAULT NULL,
  `year_graduated` year DEFAULT NULL,
  `scholarship_academic_honors_received` varchar(255) DEFAULT NULL,
  `created_at` timestamp NULL DEFAULT NULL,
  `updated_at` timestamp NULL DEFAULT NULL,
  PRIMARY KEY (`education_id`),
  KEY `educational_background_EmployeeID_foreign` (`EmployeeID`),
  CONSTRAINT `educational_background_EmployeeID_foreign` FOREIGN KEY (`EmployeeID`) REFERENCES `personal_information` (`EmployeeID`)
) ENGINE=InnoDB AUTO_INCREMENT=126 DEFAULT CHARSET=utf8mb3;
/*!40101 SET character_set_client = @saved_cs_client */;

--
-- Dumping data for table `educational_background`
--

LOCK TABLES `educational_background` WRITE;
/*!40000 ALTER TABLE `educational_background` DISABLE KEYS */;
INSERT INTO `educational_background` VALUES (6,'RD1','Elementary','','',0000,0000,0,0000,'','2023-12-13 07:18:14','2023-12-13 07:18:14'),(7,'RD1','Secondary','','',0000,0000,0,0000,'','2023-12-13 07:18:14','2023-12-13 07:18:14'),(8,'RD1','Vocational','','',0000,0000,0,0000,'','2023-12-13 07:18:14','2023-12-13 07:18:14'),(9,'RD1','College','','',0000,0000,0,0000,'','2023-12-13 07:18:14','2023-12-13 07:18:14'),(10,'RD1','GraduateStudies','','',0000,0000,0,0000,'','2023-12-13 07:18:14','2023-12-13 07:18:14'),(11,'RDSecretary2','Elementary','','',0000,0000,0,0000,'','2023-12-13 07:32:53','2023-12-13 07:32:53'),(12,'RDSecretary2','Secondary','','',0000,0000,0,0000,'','2023-12-13 07:32:53','2023-12-13 07:32:53'),(13,'RDSecretary2','Vocational','','',0000,0000,0,0000,'','2023-12-13 07:32:53','2023-12-13 07:32:53'),(14,'RDSecretary2','College','','',0000,0000,0,0000,'','2023-12-13 07:32:53','2023-12-13 07:32:53'),(15,'RDSecretary2','GraduateStudies','','',0000,0000,0,0000,'','2023-12-13 07:32:53','2023-12-13 07:32:53'),(16,'Officer3','Elementary','','',0000,0000,0,0000,'','2023-12-13 07:40:49','2023-12-13 07:40:49'),(17,'Officer3','Secondary','','',0000,0000,0,0000,'','2023-12-13 07:40:49','2023-12-13 07:40:49'),(18,'Officer3','Vocational','','',0000,0000,0,0000,'','2023-12-13 07:40:49','2023-12-13 07:40:49'),(19,'Officer3','College','','',0000,0000,0,0000,'','2023-12-13 07:40:49','2023-12-13 07:40:49'),(20,'Officer3','GraduateStudies','','',0000,0000,0,0000,'','2023-12-13 07:40:49','2023-12-13 07:40:49'),(21,'Photographer4','Elementary','','',0000,0000,0,0000,'','2023-12-13 07:45:38','2023-12-13 07:45:38'),(22,'Photographer4','Secondary','','',0000,0000,0,0000,'','2023-12-13 07:45:38','2023-12-13 07:45:38'),(23,'Photographer4','Vocational','','',0000,0000,0,0000,'','2023-12-13 07:45:38','2023-12-13 07:45:38'),(24,'Photographer4','College','','',0000,0000,0,0000,'','2023-12-13 07:45:38','2023-12-13 07:45:38'),(25,'Photographer4','GraduateStudies','','',0000,0000,0,0000,'','2023-12-13 07:45:38','2023-12-13 07:45:38'),(26,'Assistant5','Elementary','','',0000,0000,0,0000,'','2023-12-13 07:56:08','2023-12-13 07:56:08'),(27,'Assistant5','Secondary','','',0000,0000,0,0000,'','2023-12-13 07:56:08','2023-12-13 07:56:08'),(28,'Assistant5','Vocational','','',0000,0000,0,0000,'','2023-12-13 07:56:08','2023-12-13 07:56:08'),(29,'Assistant5','College','','',0000,0000,0,0000,'','2023-12-13 07:56:08','2023-12-13 07:56:08'),(30,'Assistant5','GraduateStudies','','',0000,0000,0,0000,'','2023-12-13 07:56:08','2023-12-13 07:56:08'),(31,'Attorney6','Elementary','','',0000,0000,0,0000,'','2023-12-13 08:02:02','2023-12-13 08:02:02'),(32,'Attorney6','Secondary','','',0000,0000,0,0000,'','2023-12-13 08:02:02','2023-12-13 08:02:02'),(33,'Attorney6','Vocational','','',0000,0000,0,0000,'','2023-12-13 08:02:02','2023-12-13 08:02:02'),(34,'Attorney6','College','','',0000,0000,0,0000,'','2023-12-13 08:02:02','2023-12-13 08:02:02'),(35,'Attorney6','GraduateStudies','','',0000,0000,0,0000,'','2023-12-13 08:02:02','2023-12-13 08:02:02'),(36,'Officer7','Elementary','','',0000,0000,0,0000,'','2023-12-13 08:07:34','2023-12-13 08:07:34'),(37,'Officer7','Secondary','','',0000,0000,0,0000,'','2023-12-13 08:07:34','2023-12-13 08:07:34'),(38,'Officer7','Vocational','','',0000,0000,0,0000,'','2023-12-13 08:07:34','2023-12-13 08:07:34'),(39,'Officer7','College','','',0000,0000,0,0000,'','2023-12-13 08:07:34','2023-12-13 08:07:34'),(40,'Officer7','GraduateStudies','','',0000,0000,0,0000,'','2023-12-13 08:07:34','2023-12-13 08:07:34'),(41,'Custodian8','Elementary','','',0000,0000,0,0000,'','2023-12-13 08:12:55','2023-12-13 08:12:55'),(42,'Custodian8','Secondary','','',0000,0000,0,0000,'','2023-12-13 08:12:55','2023-12-13 08:12:55'),(43,'Custodian8','Vocational','','',0000,0000,0,0000,'','2023-12-13 08:12:55','2023-12-13 08:12:55'),(44,'Custodian8','College','','',0000,0000,0,0000,'','2023-12-13 08:12:55','2023-12-13 08:12:55'),(45,'Custodian8','GraduateStudies','','',0000,0000,0,0000,'','2023-12-13 08:12:55','2023-12-13 08:12:55'),(46,'Driver1','Elementary','','',0000,0000,0,0000,'','2023-12-13 08:17:36','2023-12-13 08:17:36'),(47,'Driver1','Secondary','','',0000,0000,0,0000,'','2023-12-13 08:17:36','2023-12-13 08:17:36'),(48,'Driver1','Vocational','','',0000,0000,0,0000,'','2023-12-13 08:17:36','2023-12-13 08:17:36'),(49,'Driver1','College','','',0000,0000,0,0000,'','2023-12-13 08:17:36','2023-12-13 08:17:36'),(50,'Driver1','GraduateStudies','','',0000,0000,0,0000,'','2023-12-13 08:17:36','2023-12-13 08:17:36'),(51,'Utilities9','Elementary','','',0000,0000,0,0000,'','2023-12-13 08:22:10','2023-12-13 08:22:10'),(52,'Utilities9','Secondary','','',0000,0000,0,0000,'','2023-12-13 08:22:10','2023-12-13 08:22:10'),(53,'Utilities9','Vocational','','',0000,0000,0,0000,'','2023-12-13 08:22:10','2023-12-13 08:22:10'),(54,'Utilities9','College','','',0000,0000,0,0000,'','2023-12-13 08:22:10','2023-12-13 08:22:10'),(55,'Utilities9','GraduateStudies','','',0000,0000,0,0000,'','2023-12-13 08:22:10','2023-12-13 08:22:10'),(56,'RegulatoryOfficer11','Elementary','','',0000,0000,0,0000,'','2023-12-14 02:27:00','2023-12-14 02:27:00'),(57,'RegulatoryOfficer11','Secondary','','',0000,0000,0,0000,'','2023-12-14 02:27:00','2023-12-14 02:27:00'),(58,'RegulatoryOfficer11','Vocational','','',0000,0000,0,0000,'','2023-12-14 02:27:00','2023-12-14 02:27:00'),(59,'RegulatoryOfficer11','College','','',0000,0000,0,0000,'','2023-12-14 02:27:00','2023-12-14 02:27:00'),(60,'RegulatoryOfficer11','GraduateStudies','','',0000,0000,0,0000,'','2023-12-14 02:27:00','2023-12-14 02:27:00'),(61,'InformationOfficer12','Elementary','','',0000,0000,0,0000,'','2023-12-14 02:35:52','2023-12-14 02:35:52'),(62,'InformationOfficer12','Secondary','','',0000,0000,0,0000,'','2023-12-14 02:35:52','2023-12-14 02:35:52'),(63,'InformationOfficer12','Vocational','','',0000,0000,0,0000,'','2023-12-14 02:35:52','2023-12-14 02:35:52'),(64,'InformationOfficer12','College','','',0000,0000,0,0000,'','2023-12-14 02:35:52','2023-12-14 02:35:52'),(65,'InformationOfficer12','GraduateStudies','','',0000,0000,0,0000,'','2023-12-14 02:35:52','2023-12-14 02:35:52'),(66,'Chemist12','Elementary','','',0000,0000,0,0000,'','2023-12-14 02:40:40','2023-12-14 02:40:40'),(67,'Chemist12','Secondary','','',0000,0000,0,0000,'','2023-12-14 02:40:40','2023-12-14 02:40:40'),(68,'Chemist12','Vocational','','',0000,0000,0,0000,'','2023-12-14 02:40:40','2023-12-14 02:40:40'),(69,'Chemist12','College','','',0000,0000,0,0000,'','2023-12-14 02:40:40','2023-12-14 02:40:40'),(70,'Chemist12','GraduateStudies','','',0000,0000,0,0000,'','2023-12-14 02:40:40','2023-12-14 02:40:40'),(71,'Prison13','Elementary','','',0000,0000,0,0000,'','2023-12-14 02:54:29','2023-12-14 02:54:29'),(72,'Prison13','Secondary','','',0000,0000,0,0000,'','2023-12-14 02:54:29','2023-12-14 02:54:29'),(73,'Prison13','Vocational','','',0000,0000,0,0000,'','2023-12-14 02:54:29','2023-12-14 02:54:29'),(74,'Prison13','College','','',0000,0000,0,0000,'','2023-12-14 02:54:29','2023-12-14 02:54:29'),(75,'Prison13','GraduateStudies','','',0000,0000,0,0000,'','2023-12-14 02:54:29','2023-12-14 02:54:29'),(76,'Regional14','Elementary','','',0000,0000,0,0000,'','2023-12-14 03:24:58','2023-12-14 03:24:58'),(77,'Regional14','Secondary','','',0000,0000,0,0000,'','2023-12-14 03:24:58','2023-12-14 03:24:58'),(78,'Regional14','Vocational','','',0000,0000,0,0000,'','2023-12-14 03:24:58','2023-12-14 03:24:58'),(79,'Regional14','College','','',0000,0000,0,0000,'','2023-12-14 03:24:58','2023-12-14 03:24:58'),(80,'Regional14','GraduateStudies','','',0000,0000,0,0000,'','2023-12-14 03:24:58','2023-12-14 03:24:58'),(81,'Officer15','Elementary','','',0000,0000,0,0000,'','2023-12-14 03:36:28','2023-12-14 03:36:28'),(82,'Officer15','Secondary','','',0000,0000,0,0000,'','2023-12-14 03:36:28','2023-12-14 03:36:28'),(83,'Officer15','Vocational','','',0000,0000,0,0000,'','2023-12-14 03:36:28','2023-12-14 03:36:28'),(84,'Officer15','College','','',0000,0000,0,0000,'','2023-12-14 03:36:28','2023-12-14 03:36:28'),(85,'Officer15','GraduateStudies','','',0000,0000,0,0000,'','2023-12-14 03:36:28','2023-12-14 03:36:28'),(86,'Officer16','Elementary','','',0000,0000,0,0000,'','2023-12-14 03:40:44','2023-12-14 03:40:44'),(87,'Officer16','Secondary','','',0000,0000,0,0000,'','2023-12-14 03:40:44','2023-12-14 03:40:44'),(88,'Officer16','Vocational','','',0000,0000,0,0000,'','2023-12-14 03:40:44','2023-12-14 03:40:44'),(89,'Officer16','College','','',0000,0000,0,0000,'','2023-12-14 03:40:44','2023-12-14 03:40:44'),(90,'Officer16','GraduateStudies','','',0000,0000,0,0000,'','2023-12-14 03:40:44','2023-12-14 03:40:44'),(91,'Officer17','Elementary','','',0000,0000,0,0000,'','2023-12-14 03:44:32','2023-12-14 03:44:32'),(92,'Officer17','Secondary','','',0000,0000,0,0000,'','2023-12-14 03:44:32','2023-12-14 03:44:32'),(93,'Officer17','Vocational','','',0000,0000,0,0000,'','2023-12-14 03:44:32','2023-12-14 03:44:32'),(94,'Officer17','College','','',0000,0000,0,0000,'','2023-12-14 03:44:32','2023-12-14 03:44:32'),(95,'Officer17','GraduateStudies','','',0000,0000,0,0000,'','2023-12-14 03:44:32','2023-12-14 03:44:32'),(96,'SecurityOfficer18','Elementary','','',0000,0000,0,0000,'','2023-12-14 03:49:14','2023-12-14 03:49:14'),(97,'SecurityOfficer18','Secondary','','',0000,0000,0,0000,'','2023-12-14 03:49:14','2023-12-14 03:49:14'),(98,'SecurityOfficer18','Vocational','','',0000,0000,0,0000,'','2023-12-14 03:49:14','2023-12-14 03:49:14'),(99,'SecurityOfficer18','College','','',0000,0000,0,0000,'','2023-12-14 03:49:14','2023-12-14 03:49:14'),(100,'SecurityOfficer18','GraduateStudies','','',0000,0000,0,0000,'','2023-12-14 03:49:14','2023-12-14 03:49:14'),(101,'Agent19','Elementary','','',0000,0000,0,0000,'','2023-12-14 03:54:22','2023-12-14 03:54:22'),(102,'Agent19','Secondary','','',0000,0000,0,0000,'','2023-12-14 03:54:22','2023-12-14 03:54:22'),(103,'Agent19','Vocational','','',0000,0000,0,0000,'','2023-12-14 03:54:22','2023-12-14 03:54:22'),(104,'Agent19','College','','',0000,0000,0,0000,'','2023-12-14 03:54:22','2023-12-14 03:54:22'),(105,'Agent19','GraduateStudies','','',0000,0000,0,0000,'','2023-12-14 03:54:22','2023-12-14 03:54:22'),(106,'Agent20','Elementary','','',0000,0000,0,0000,'','2023-12-14 04:03:35','2023-12-14 04:03:35'),(107,'Agent20','Secondary','','',0000,0000,0,0000,'','2023-12-14 04:03:35','2023-12-14 04:03:35'),(108,'Agent20','Vocational','','',0000,0000,0,0000,'','2023-12-14 04:03:35','2023-12-14 04:03:35'),(109,'Agent20','College','','',0000,0000,0,0000,'','2023-12-14 04:03:35','2023-12-14 04:03:35'),(110,'Agent20','GraduateStudies','','',0000,0000,0,0000,'','2023-12-14 04:03:35','2023-12-14 04:03:35'),(111,'Agent21','Elementary','','',0000,0000,0,0000,'','2023-12-14 04:07:53','2023-12-14 04:07:53'),(112,'Agent21','Secondary','','',0000,0000,0,0000,'','2023-12-14 04:07:53','2023-12-14 04:07:53'),(113,'Agent21','Vocational','','',0000,0000,0,0000,'','2023-12-14 04:07:53','2023-12-14 04:07:53'),(114,'Agent21','College','','',0000,0000,0,0000,'','2023-12-14 04:07:53','2023-12-14 04:07:53'),(115,'Agent21','GraduateStudies','','',0000,0000,0,0000,'','2023-12-14 04:07:53','2023-12-14 04:07:53'),(116,'chemist2','Elementary','','',0000,0000,0,0000,'','2023-12-14 06:29:43','2023-12-14 06:29:43'),(117,'chemist2','Secondary','','',0000,0000,0,0000,'','2023-12-14 06:29:43','2023-12-14 06:29:43'),(118,'chemist2','Vocational','','',0000,0000,0,0000,'','2023-12-14 06:29:43','2023-12-14 06:29:43'),(119,'chemist2','College','','',0000,0000,0,0000,'','2023-12-14 06:29:43','2023-12-14 06:29:43'),(120,'chemist2','GraduateStudies','','',0000,0000,0,0000,'','2023-12-14 06:29:43','2023-12-14 06:29:43'),(121,'chemist3','Elementary','','',0000,0000,0,0000,'','2023-12-14 07:22:47','2023-12-14 07:22:47'),(122,'chemist3','Secondary','','',0000,0000,0,0000,'','2023-12-14 07:22:47','2023-12-14 07:22:47'),(123,'chemist3','Vocational','','',0000,0000,0,0000,'','2023-12-14 07:22:47','2023-12-14 07:22:47'),(124,'chemist3','College','','',0000,0000,0,0000,'','2023-12-14 07:22:47','2023-12-14 07:22:47'),(125,'chemist3','GraduateStudies','','',0000,0000,0,0000,'','2023-12-14 07:22:47','2023-12-14 07:22:47');
/*!40000 ALTER TABLE `educational_background` ENABLE KEYS */;
UNLOCK TABLES;

--
-- Table structure for table `employee_address`
--

DROP TABLE IF EXISTS `employee_address`;
/*!40101 SET @saved_cs_client     = @@character_set_client */;
/*!50503 SET character_set_client = utf8mb4 */;
CREATE TABLE `employee_address` (
  `EmployeeAddressID` int unsigned NOT NULL AUTO_INCREMENT,
  `EmployeeID` varchar(20) NOT NULL,
  `address_id` int DEFAULT NULL,
  `address_type` enum('RESIDENTIAL','PERMANENT') DEFAULT NULL,
  `created_at` timestamp NULL DEFAULT NULL,
  `updated_at` timestamp NULL DEFAULT NULL,
  PRIMARY KEY (`EmployeeAddressID`)
) ENGINE=InnoDB AUTO_INCREMENT=51 DEFAULT CHARSET=utf8mb3;
/*!40101 SET character_set_client = @saved_cs_client */;

--
-- Dumping data for table `employee_address`
--

LOCK TABLES `employee_address` WRITE;
/*!40000 ALTER TABLE `employee_address` DISABLE KEYS */;
INSERT INTO `employee_address` VALUES (3,'RD1',3,'RESIDENTIAL','2023-12-13 07:18:14','2023-12-13 07:18:14'),(4,'RD1',4,'PERMANENT','2023-12-13 07:18:14','2023-12-13 07:18:14'),(5,'RDSecretary2',5,'RESIDENTIAL','2023-12-13 07:32:53','2023-12-13 07:32:53'),(6,'RDSecretary2',6,'PERMANENT','2023-12-13 07:32:53','2023-12-13 07:32:53'),(7,'Officer3',7,'RESIDENTIAL','2023-12-13 07:40:49','2023-12-13 07:40:49'),(8,'Officer3',8,'PERMANENT','2023-12-13 07:40:49','2023-12-13 07:40:49'),(9,'Photographer4',9,'RESIDENTIAL','2023-12-13 07:45:38','2023-12-13 07:45:38'),(10,'Photographer4',10,'PERMANENT','2023-12-13 07:45:38','2023-12-13 07:45:38'),(11,'Assistant5',11,'RESIDENTIAL','2023-12-13 07:56:08','2023-12-13 07:56:08'),(12,'Assistant5',12,'PERMANENT','2023-12-13 07:56:08','2023-12-13 07:56:08'),(13,'Attorney6',13,'RESIDENTIAL','2023-12-13 08:02:02','2023-12-13 08:02:02'),(14,'Attorney6',14,'PERMANENT','2023-12-13 08:02:02','2023-12-13 08:02:02'),(15,'Officer7',15,'RESIDENTIAL','2023-12-13 08:07:34','2023-12-13 08:07:34'),(16,'Officer7',16,'PERMANENT','2023-12-13 08:07:34','2023-12-13 08:07:34'),(17,'Custodian8',17,'RESIDENTIAL','2023-12-13 08:12:55','2023-12-13 08:12:55'),(18,'Custodian8',18,'PERMANENT','2023-12-13 08:12:55','2023-12-13 08:12:55'),(19,'Driver1',19,'RESIDENTIAL','2023-12-13 08:17:36','2023-12-13 08:17:36'),(20,'Driver1',20,'PERMANENT','2023-12-13 08:17:36','2023-12-13 08:17:36'),(21,'Utilities9',21,'RESIDENTIAL','2023-12-13 08:22:10','2023-12-13 08:22:10'),(22,'Utilities9',22,'PERMANENT','2023-12-13 08:22:10','2023-12-13 08:22:10'),(23,'RegulatoryOfficer11',23,'RESIDENTIAL','2023-12-14 02:27:00','2023-12-14 02:27:00'),(24,'RegulatoryOfficer11',24,'PERMANENT','2023-12-14 02:27:00','2023-12-14 02:27:00'),(25,'InformationOfficer12',25,'RESIDENTIAL','2023-12-14 02:35:52','2023-12-14 02:35:52'),(26,'InformationOfficer12',26,'PERMANENT','2023-12-14 02:35:52','2023-12-14 02:35:52'),(27,'Chemist12',27,'RESIDENTIAL','2023-12-14 02:40:40','2023-12-14 02:40:40'),(28,'Chemist12',28,'PERMANENT','2023-12-14 02:40:40','2023-12-14 02:40:40'),(29,'Prison13',29,'RESIDENTIAL','2023-12-14 02:54:29','2023-12-14 02:54:29'),(30,'Prison13',30,'PERMANENT','2023-12-14 02:54:29','2023-12-14 02:54:29'),(31,'Regional14',31,'RESIDENTIAL','2023-12-14 03:24:58','2023-12-14 03:24:58'),(32,'Regional14',32,'PERMANENT','2023-12-14 03:24:58','2023-12-14 03:24:58'),(33,'Officer15',33,'RESIDENTIAL','2023-12-14 03:36:28','2023-12-14 03:36:28'),(34,'Officer15',34,'PERMANENT','2023-12-14 03:36:28','2023-12-14 03:36:28'),(35,'Officer16',35,'RESIDENTIAL','2023-12-14 03:40:44','2023-12-14 03:40:44'),(36,'Officer16',36,'PERMANENT','2023-12-14 03:40:44','2023-12-14 03:40:44'),(37,'Officer17',37,'RESIDENTIAL','2023-12-14 03:44:32','2023-12-14 03:44:32'),(38,'Officer17',38,'PERMANENT','2023-12-14 03:44:32','2023-12-14 03:44:32'),(39,'SecurityOfficer18',39,'RESIDENTIAL','2023-12-14 03:49:14','2023-12-14 03:49:14'),(40,'SecurityOfficer18',40,'PERMANENT','2023-12-14 03:49:14','2023-12-14 03:49:14'),(41,'Agent19',41,'RESIDENTIAL','2023-12-14 03:54:22','2023-12-14 03:54:22'),(42,'Agent19',42,'PERMANENT','2023-12-14 03:54:22','2023-12-14 03:54:22'),(43,'Agent20',43,'RESIDENTIAL','2023-12-14 04:03:35','2023-12-14 04:03:35'),(44,'Agent20',44,'PERMANENT','2023-12-14 04:03:35','2023-12-14 04:03:35'),(45,'Agent21',45,'RESIDENTIAL','2023-12-14 04:07:53','2023-12-14 04:07:53'),(46,'Agent21',46,'PERMANENT','2023-12-14 04:07:53','2023-12-14 04:07:53'),(47,'chemist2',47,'RESIDENTIAL','2023-12-14 06:29:43','2023-12-14 06:29:43'),(48,'chemist2',48,'PERMANENT','2023-12-14 06:29:43','2023-12-14 06:29:43'),(49,'chemist3',49,'RESIDENTIAL','2023-12-14 07:22:47','2023-12-14 07:22:47'),(50,'chemist3',50,'PERMANENT','2023-12-14 07:22:47','2023-12-14 07:22:47');
/*!40000 ALTER TABLE `employee_address` ENABLE KEYS */;
UNLOCK TABLES;

--
-- Table structure for table `employee_authroles`
--

DROP TABLE IF EXISTS `employee_authroles`;
/*!40101 SET @saved_cs_client     = @@character_set_client */;
/*!50503 SET character_set_client = utf8mb4 */;
CREATE TABLE `employee_authroles` (
  `AuthRoleID` int NOT NULL,
  `EmpAuthID` int NOT NULL AUTO_INCREMENT,
  `EmployeeID` varchar(20) NOT NULL,
  PRIMARY KEY (`EmpAuthID`),
  KEY `employee_authroles_AuthRoleID_foreign` (`AuthRoleID`),
  KEY `employee_authroles_EmployeeID_foreign` (`EmployeeID`),
  CONSTRAINT `employee_authroles_AuthRoleID_foreign` FOREIGN KEY (`AuthRoleID`) REFERENCES `authentication_roles` (`AuthRoleID`),
  CONSTRAINT `employee_authroles_EmployeeID_foreign` FOREIGN KEY (`EmployeeID`) REFERENCES `personal_information` (`EmployeeID`)
) ENGINE=InnoDB AUTO_INCREMENT=28 DEFAULT CHARSET=utf8mb3;
/*!40101 SET character_set_client = @saved_cs_client */;

--
-- Dumping data for table `employee_authroles`
--

LOCK TABLES `employee_authroles` WRITE;
/*!40000 ALTER TABLE `employee_authroles` DISABLE KEYS */;
INSERT INTO `employee_authroles` VALUES (1,1,'Admin1'),(2,2,'Admin2'),(3,4,'RD1'),(3,5,'RDSecretary2'),(3,6,'Officer3'),(3,7,'Photographer4'),(3,8,'Assistant5'),(3,9,'Attorney6'),(3,10,'Officer7'),(3,11,'Custodian8'),(3,12,'Driver1'),(3,13,'Utilities9'),(3,14,'RegulatoryOfficer11'),(3,15,'InformationOfficer12'),(3,16,'Chemist12'),(3,17,'Prison13'),(3,18,'Regional14'),(3,19,'Officer15'),(3,20,'Officer16'),(3,21,'Officer17'),(3,22,'SecurityOfficer18'),(3,23,'Agent19'),(3,24,'Agent20'),(3,25,'Agent21'),(3,26,'chemist2'),(3,27,'chemist3');
/*!40000 ALTER TABLE `employee_authroles` ENABLE KEYS */;
UNLOCK TABLES;

--
-- Table structure for table `employee_designation`
--

DROP TABLE IF EXISTS `employee_designation`;
/*!40101 SET @saved_cs_client     = @@character_set_client */;
/*!50503 SET character_set_client = utf8mb4 */;
CREATE TABLE `employee_designation` (
  `EmpDesigID` int unsigned NOT NULL AUTO_INCREMENT,
  `DesignationID` int unsigned NOT NULL,
  `EmployeeID` varchar(20) NOT NULL,
  `created_at` timestamp NULL DEFAULT NULL,
  `updated_at` timestamp NULL DEFAULT NULL,
  PRIMARY KEY (`EmpDesigID`),
  KEY `employee_designation_DesignationID_foreign` (`DesignationID`),
  KEY `employee_designation_EmployeeID_foreign` (`EmployeeID`),
  CONSTRAINT `employee_designation_DesignationID_foreign` FOREIGN KEY (`DesignationID`) REFERENCES `designation` (`DesignationID`),
  CONSTRAINT `employee_designation_EmployeeID_foreign` FOREIGN KEY (`EmployeeID`) REFERENCES `personal_information` (`EmployeeID`)
) ENGINE=InnoDB AUTO_INCREMENT=28 DEFAULT CHARSET=utf8mb3;
/*!40101 SET character_set_client = @saved_cs_client */;

--
-- Dumping data for table `employee_designation`
--

LOCK TABLES `employee_designation` WRITE;
/*!40000 ALTER TABLE `employee_designation` DISABLE KEYS */;
INSERT INTO `employee_designation` VALUES (1,5,'Admin1','2023-12-13 06:17:38','2023-12-13 06:17:38'),(2,6,'Admin2','2023-12-13 06:20:05','2023-12-13 06:20:05'),(4,6,'RD1','2023-12-13 07:18:14','2023-12-13 07:18:14'),(5,1,'RDSecretary2','2023-12-13 07:32:53','2023-12-13 07:32:53'),(6,2,'Officer3','2023-12-13 07:40:49','2023-12-13 07:40:49'),(7,6,'Photographer4','2023-12-13 07:45:38','2023-12-13 07:45:38'),(8,6,'Assistant5','2023-12-13 07:56:08','2023-12-13 07:56:08'),(9,6,'Attorney6','2023-12-13 08:02:02','2023-12-13 08:02:02'),(10,6,'Officer7','2023-12-13 08:07:34','2023-12-13 08:07:34'),(11,6,'Custodian8','2023-12-13 08:12:55','2023-12-13 08:12:55'),(12,6,'Driver1','2023-12-13 08:17:36','2023-12-13 08:17:36'),(13,6,'Utilities9','2023-12-13 08:22:10','2023-12-13 08:22:10'),(14,6,'RegulatoryOfficer11','2023-12-14 02:27:00','2023-12-14 02:27:00'),(15,6,'InformationOfficer12','2023-12-14 02:35:52','2023-12-14 02:35:52'),(16,6,'Chemist12','2023-12-14 02:40:40','2023-12-14 02:40:40'),(17,6,'Prison13','2023-12-14 02:54:29','2023-12-14 02:54:29'),(18,6,'Regional14','2023-12-14 03:24:59','2023-12-14 03:24:59'),(19,6,'Officer15','2023-12-14 03:36:28','2023-12-14 03:36:28'),(20,6,'Officer16','2023-12-14 03:40:44','2023-12-14 03:40:44'),(21,6,'Officer17','2023-12-14 03:44:32','2023-12-14 03:44:32'),(22,6,'SecurityOfficer18','2023-12-14 03:49:14','2023-12-14 03:49:14'),(23,6,'Agent19','2023-12-14 03:54:22','2023-12-14 03:54:22'),(24,6,'Agent20','2023-12-14 04:03:35','2023-12-14 04:03:35'),(25,6,'Agent21','2023-12-14 04:07:53','2023-12-14 04:07:53'),(26,6,'chemist2','2023-12-14 06:29:43','2023-12-14 06:29:43'),(27,6,'chemist3','2023-12-14 07:22:47','2023-12-14 07:22:47');
/*!40000 ALTER TABLE `employee_designation` ENABLE KEYS */;
UNLOCK TABLES;

--
-- Table structure for table `employee_division`
--

DROP TABLE IF EXISTS `employee_division`;
/*!40101 SET @saved_cs_client     = @@character_set_client */;
/*!50503 SET character_set_client = utf8mb4 */;
CREATE TABLE `employee_division` (
  `EmpDivID` int unsigned NOT NULL AUTO_INCREMENT,
  `DivisionID` int unsigned NOT NULL,
  `EmployeeID` varchar(20) NOT NULL,
  `created_at` timestamp NULL DEFAULT NULL,
  `updated_at` timestamp NULL DEFAULT NULL,
  PRIMARY KEY (`EmpDivID`),
  KEY `employee_division_DivisionID_foreign` (`DivisionID`),
  KEY `employee_division_EmployeeID_foreign` (`EmployeeID`),
  CONSTRAINT `employee_division_DivisionID_foreign` FOREIGN KEY (`DivisionID`) REFERENCES `division` (`DivisionID`),
  CONSTRAINT `employee_division_EmployeeID_foreign` FOREIGN KEY (`EmployeeID`) REFERENCES `personal_information` (`EmployeeID`)
) ENGINE=InnoDB AUTO_INCREMENT=27 DEFAULT CHARSET=utf8mb3;
/*!40101 SET character_set_client = @saved_cs_client */;

--
-- Dumping data for table `employee_division`
--

LOCK TABLES `employee_division` WRITE;
/*!40000 ALTER TABLE `employee_division` DISABLE KEYS */;
INSERT INTO `employee_division` VALUES (1,2,'Admin1',NULL,NULL),(2,2,'Admin2',NULL,NULL),(3,3,'RD1',NULL,NULL),(4,3,'RDSecretary2',NULL,NULL),(5,3,'Officer3',NULL,NULL),(6,3,'Photographer4',NULL,NULL),(7,3,'Assistant5',NULL,NULL),(8,3,'Attorney6',NULL,NULL),(9,2,'Officer7',NULL,NULL),(10,3,'Custodian8',NULL,NULL),(11,3,'Driver1',NULL,NULL),(12,3,'Utilities9',NULL,NULL),(13,3,'RegulatoryOfficer11',NULL,NULL),(14,3,'InformationOfficer12',NULL,NULL),(15,1,'Chemist12',NULL,NULL),(16,3,'Prison13',NULL,NULL),(17,3,'Regional14',NULL,NULL),(18,3,'Officer15',NULL,NULL),(19,3,'Officer16',NULL,NULL),(20,3,'Officer17',NULL,NULL),(21,3,'SecurityOfficer18',NULL,NULL),(22,3,'Agent19',NULL,NULL),(23,3,'Agent20',NULL,NULL),(24,3,'Agent21',NULL,NULL),(25,1,'chemist2',NULL,NULL),(26,1,'chemist3',NULL,NULL);
/*!40000 ALTER TABLE `employee_division` ENABLE KEYS */;
UNLOCK TABLES;

--
-- Table structure for table `employee_leaves`
--

DROP TABLE IF EXISTS `employee_leaves`;
/*!40101 SET @saved_cs_client     = @@character_set_client */;
/*!50503 SET character_set_client = utf8mb4 */;
CREATE TABLE `employee_leaves` (
  `id` int unsigned NOT NULL AUTO_INCREMENT,
  `EmployeeID` varchar(20) NOT NULL,
  `leave_type_id` int unsigned NOT NULL,
  `start_date` date NOT NULL,
  `end_date` date NOT NULL,
  `reason` text,
  `status` enum('approved','pending','rejected') DEFAULT 'pending',
  `created_at` timestamp NULL DEFAULT NULL,
  `updated_at` timestamp NULL DEFAULT NULL,
  PRIMARY KEY (`id`),
  KEY `employee_leaves_EmployeeID_foreign` (`EmployeeID`),
  KEY `employee_leaves_leave_type_id_foreign` (`leave_type_id`),
  CONSTRAINT `employee_leaves_EmployeeID_foreign` FOREIGN KEY (`EmployeeID`) REFERENCES `personal_information` (`EmployeeID`) ON DELETE CASCADE ON UPDATE CASCADE,
  CONSTRAINT `employee_leaves_leave_type_id_foreign` FOREIGN KEY (`leave_type_id`) REFERENCES `leave_type` (`LeaveTypeID`) ON DELETE CASCADE ON UPDATE CASCADE
) ENGINE=InnoDB DEFAULT CHARSET=utf8mb3;
/*!40101 SET character_set_client = @saved_cs_client */;

--
-- Dumping data for table `employee_leaves`
--

LOCK TABLES `employee_leaves` WRITE;
/*!40000 ALTER TABLE `employee_leaves` DISABLE KEYS */;
/*!40000 ALTER TABLE `employee_leaves` ENABLE KEYS */;
UNLOCK TABLES;

--
-- Table structure for table `employee_position`
--

DROP TABLE IF EXISTS `employee_position`;
/*!40101 SET @saved_cs_client     = @@character_set_client */;
/*!50503 SET character_set_client = utf8mb4 */;
CREATE TABLE `employee_position` (
  `EmpPosID` int unsigned NOT NULL AUTO_INCREMENT,
  `PositionID` int unsigned NOT NULL,
  `EmployeeID` varchar(20) NOT NULL,
  `created_at` timestamp NULL DEFAULT NULL,
  `updated_at` timestamp NULL DEFAULT NULL,
  PRIMARY KEY (`EmpPosID`),
  KEY `employee_position_PositionID_foreign` (`PositionID`),
  KEY `employee_position_EmployeeID_foreign` (`EmployeeID`),
  CONSTRAINT `employee_position_EmployeeID_foreign` FOREIGN KEY (`EmployeeID`) REFERENCES `personal_information` (`EmployeeID`),
  CONSTRAINT `employee_position_PositionID_foreign` FOREIGN KEY (`PositionID`) REFERENCES `position` (`PositionID`)
) ENGINE=InnoDB AUTO_INCREMENT=28 DEFAULT CHARSET=utf8mb3;
/*!40101 SET character_set_client = @saved_cs_client */;

--
-- Dumping data for table `employee_position`
--

LOCK TABLES `employee_position` WRITE;
/*!40000 ALTER TABLE `employee_position` DISABLE KEYS */;
INSERT INTO `employee_position` VALUES (1,19,'Admin1','2023-12-13 06:17:38','2023-12-13 06:17:38'),(2,20,'Admin2','2023-12-13 06:20:05','2023-12-13 06:20:05'),(4,1,'RD1','2023-12-13 07:18:14','2023-12-13 07:18:14'),(5,2,'RDSecretary2','2023-12-13 07:32:53','2023-12-13 07:32:53'),(6,3,'Officer3','2023-12-13 07:40:49','2023-12-13 07:40:49'),(7,4,'Photographer4','2023-12-13 07:45:38','2023-12-13 07:45:38'),(8,5,'Assistant5','2023-12-13 07:56:08','2023-12-13 07:56:08'),(9,9,'Attorney6','2023-12-13 08:02:02','2023-12-13 08:02:02'),(10,21,'Officer7','2023-12-13 08:07:34','2023-12-13 08:07:34'),(11,22,'Custodian8','2023-12-13 08:12:55','2023-12-13 08:12:55'),(12,23,'Driver1','2023-12-13 08:17:36','2023-12-13 08:17:36'),(13,24,'Utilities9','2023-12-13 08:22:10','2023-12-13 08:22:10'),(14,25,'RegulatoryOfficer11','2023-12-14 02:27:00','2023-12-14 02:27:00'),(15,26,'InformationOfficer12','2023-12-14 02:35:52','2023-12-14 02:35:52'),(16,27,'Chemist12','2023-12-14 02:40:40','2023-12-14 02:40:40'),(17,28,'Prison13','2023-12-14 02:54:29','2023-12-14 02:54:29'),(18,11,'Regional14','2023-12-14 03:24:59','2023-12-14 03:24:59'),(19,12,'Officer15','2023-12-14 03:36:28','2023-12-14 03:36:28'),(20,13,'Officer16','2023-12-14 03:40:44','2023-12-14 03:40:44'),(21,14,'Officer17','2023-12-14 03:44:32','2023-12-14 03:44:32'),(22,15,'SecurityOfficer18','2023-12-14 03:49:14','2023-12-14 03:49:14'),(23,16,'Agent19','2023-12-14 03:54:22','2023-12-14 03:54:22'),(24,17,'Agent20','2023-12-14 04:03:35','2023-12-14 04:03:35'),(25,18,'Agent21','2023-12-14 04:07:53','2023-12-14 04:07:53'),(26,27,'chemist2','2023-12-14 06:29:43','2023-12-14 06:29:43'),(27,27,'chemist3','2023-12-14 07:22:47','2023-12-14 07:22:47');
/*!40000 ALTER TABLE `employee_position` ENABLE KEYS */;
UNLOCK TABLES;

--
-- Table structure for table `employee_section`
--

DROP TABLE IF EXISTS `employee_section`;
/*!40101 SET @saved_cs_client     = @@character_set_client */;
/*!50503 SET character_set_client = utf8mb4 */;
CREATE TABLE `employee_section` (
  `EmpSectID` int unsigned NOT NULL AUTO_INCREMENT,
  `SectionID` int unsigned NOT NULL,
  `EmployeeID` varchar(20) NOT NULL,
  `created_at` timestamp NULL DEFAULT NULL,
  `updated_at` timestamp NULL DEFAULT NULL,
  PRIMARY KEY (`EmpSectID`),
  KEY `employee_section_SectionID_foreign` (`SectionID`),
  KEY `employee_section_EmployeeID_foreign` (`EmployeeID`),
  CONSTRAINT `employee_section_EmployeeID_foreign` FOREIGN KEY (`EmployeeID`) REFERENCES `personal_information` (`EmployeeID`),
  CONSTRAINT `employee_section_SectionID_foreign` FOREIGN KEY (`SectionID`) REFERENCES `section` (`SectionID`)
) ENGINE=InnoDB AUTO_INCREMENT=28 DEFAULT CHARSET=utf8mb3;
/*!40101 SET character_set_client = @saved_cs_client */;

--
-- Dumping data for table `employee_section`
--

LOCK TABLES `employee_section` WRITE;
/*!40000 ALTER TABLE `employee_section` DISABLE KEYS */;
INSERT INTO `employee_section` VALUES (1,19,'Admin1','2023-12-13 06:17:38','2023-12-13 06:17:38'),(2,6,'Admin2','2023-12-13 06:20:05','2023-12-13 06:20:05'),(4,18,'RD1','2023-12-13 07:18:14','2023-12-13 07:18:14'),(5,18,'RDSecretary2','2023-12-13 07:32:53','2023-12-13 07:32:53'),(6,18,'Officer3','2023-12-13 07:40:49','2023-12-13 07:40:49'),(7,18,'Photographer4','2023-12-13 07:45:38','2023-12-13 07:45:38'),(8,18,'Assistant5','2023-12-13 07:56:08','2023-12-13 07:56:08'),(9,2,'Attorney6','2023-12-13 08:02:02','2023-12-13 08:02:02'),(10,18,'Officer7','2023-12-13 08:07:34','2023-12-13 08:07:34'),(11,18,'Custodian8','2023-12-13 08:12:55','2023-12-13 08:12:55'),(12,18,'Driver1','2023-12-13 08:17:36','2023-12-13 08:17:36'),(13,18,'Utilities9','2023-12-13 08:22:10','2023-12-13 08:22:10'),(14,11,'RegulatoryOfficer11','2023-12-14 02:27:00','2023-12-14 02:27:00'),(15,12,'InformationOfficer12','2023-12-14 02:35:52','2023-12-14 02:35:52'),(16,13,'Chemist12','2023-12-14 02:40:40','2023-12-14 02:40:40'),(17,14,'Prison13','2023-12-14 02:54:29','2023-12-14 02:54:29'),(18,10,'Regional14','2023-12-14 03:24:59','2023-12-14 03:24:59'),(19,10,'Officer15','2023-12-14 03:36:28','2023-12-14 03:36:28'),(20,10,'Officer16','2023-12-14 03:40:44','2023-12-14 03:40:44'),(21,10,'Officer17','2023-12-14 03:44:32','2023-12-14 03:44:32'),(22,10,'SecurityOfficer18','2023-12-14 03:49:14','2023-12-14 03:49:14'),(23,10,'Agent19','2023-12-14 03:54:22','2023-12-14 03:54:22'),(24,10,'Agent20','2023-12-14 04:03:35','2023-12-14 04:03:35'),(25,10,'Agent21','2023-12-14 04:07:53','2023-12-14 04:07:53'),(26,13,'chemist2','2023-12-14 06:29:43','2023-12-14 06:29:43'),(27,13,'chemist3','2023-12-14 07:22:47','2023-12-14 07:22:47');
/*!40000 ALTER TABLE `employee_section` ENABLE KEYS */;
UNLOCK TABLES;

--
-- Table structure for table `family_background`
--

DROP TABLE IF EXISTS `family_background`;
/*!40101 SET @saved_cs_client     = @@character_set_client */;
/*!50503 SET character_set_client = utf8mb4 */;
CREATE TABLE `family_background` (
  `family_id` int unsigned NOT NULL AUTO_INCREMENT,
  `EmployeeID` varchar(20) NOT NULL,
  `spouse_first_name` varchar(50) DEFAULT NULL,
  `spouse_name_extension` varchar(50) DEFAULT NULL,
  `spouse_middle_name` varchar(50) DEFAULT NULL,
  `spouse_surname` varchar(50) DEFAULT NULL,
  `spouse_occupation` varchar(100) DEFAULT NULL,
  `spouse_employer_business_name` varchar(100) DEFAULT NULL,
  `spouse_business_address` varchar(255) DEFAULT NULL,
  `spouse_telephone_no` varchar(15) DEFAULT NULL,
  `father_surname` varchar(50) DEFAULT NULL,
  `father_first_name` varchar(50) DEFAULT NULL,
  `father_middle_name` varchar(50) DEFAULT NULL,
  `father_name_extension` varchar(50) DEFAULT NULL,
  `mother_maiden_name` varchar(50) DEFAULT NULL,
  `mother_surname` varchar(50) DEFAULT NULL,
  `mother_first_name` varchar(50) DEFAULT NULL,
  `mother_middle_name` varchar(50) DEFAULT NULL,
  `created_at` timestamp NULL DEFAULT NULL,
  `updated_at` timestamp NULL DEFAULT NULL,
  PRIMARY KEY (`family_id`),
  KEY `family_background_EmployeeID_foreign` (`EmployeeID`),
  CONSTRAINT `family_background_EmployeeID_foreign` FOREIGN KEY (`EmployeeID`) REFERENCES `personal_information` (`EmployeeID`)
) ENGINE=InnoDB AUTO_INCREMENT=27 DEFAULT CHARSET=utf8mb3;
/*!40101 SET character_set_client = @saved_cs_client */;

--
-- Dumping data for table `family_background`
--

LOCK TABLES `family_background` WRITE;
/*!40000 ALTER TABLE `family_background` DISABLE KEYS */;
INSERT INTO `family_background` VALUES (3,'RD1',NULL,NULL,NULL,NULL,NULL,NULL,NULL,NULL,NULL,NULL,NULL,NULL,NULL,NULL,NULL,NULL,'2023-12-13 07:18:14','2023-12-13 07:18:14'),(4,'RDSecretary2',NULL,NULL,NULL,NULL,NULL,NULL,NULL,NULL,NULL,NULL,NULL,NULL,NULL,NULL,NULL,NULL,'2023-12-13 07:32:53','2023-12-13 07:32:53'),(5,'Officer3',NULL,NULL,NULL,NULL,NULL,NULL,NULL,NULL,NULL,NULL,NULL,NULL,NULL,NULL,NULL,NULL,'2023-12-13 07:40:49','2023-12-13 07:40:49'),(6,'Photographer4',NULL,NULL,NULL,NULL,NULL,NULL,NULL,NULL,NULL,NULL,NULL,NULL,NULL,NULL,NULL,NULL,'2023-12-13 07:45:38','2023-12-13 07:45:38'),(7,'Assistant5',NULL,NULL,NULL,NULL,NULL,NULL,NULL,NULL,NULL,NULL,NULL,NULL,NULL,NULL,NULL,NULL,'2023-12-13 07:56:08','2023-12-13 07:56:08'),(8,'Attorney6',NULL,NULL,NULL,NULL,NULL,NULL,NULL,NULL,NULL,NULL,NULL,NULL,NULL,NULL,NULL,NULL,'2023-12-13 08:02:02','2023-12-13 08:02:02'),(9,'Officer7',NULL,NULL,NULL,NULL,NULL,NULL,NULL,NULL,NULL,NULL,NULL,NULL,NULL,NULL,NULL,NULL,'2023-12-13 08:07:34','2023-12-13 08:07:34'),(10,'Custodian8',NULL,NULL,NULL,NULL,NULL,NULL,NULL,NULL,NULL,NULL,NULL,NULL,NULL,NULL,NULL,NULL,'2023-12-13 08:12:55','2023-12-13 08:12:55'),(11,'Driver1',NULL,NULL,NULL,NULL,NULL,NULL,NULL,NULL,NULL,NULL,NULL,NULL,NULL,NULL,NULL,NULL,'2023-12-13 08:17:36','2023-12-13 08:17:36'),(12,'Utilities9',NULL,NULL,NULL,NULL,NULL,NULL,NULL,NULL,NULL,NULL,NULL,NULL,NULL,NULL,NULL,NULL,'2023-12-13 08:22:10','2023-12-13 08:22:10'),(13,'RegulatoryOfficer11',NULL,NULL,NULL,NULL,NULL,NULL,NULL,NULL,NULL,NULL,NULL,NULL,NULL,NULL,NULL,NULL,'2023-12-14 02:27:00','2023-12-14 02:27:00'),(14,'InformationOfficer12',NULL,NULL,NULL,NULL,NULL,NULL,NULL,NULL,NULL,NULL,NULL,NULL,NULL,NULL,NULL,NULL,'2023-12-14 02:35:52','2023-12-14 02:35:52'),(15,'Chemist12',NULL,NULL,NULL,NULL,NULL,NULL,NULL,NULL,NULL,NULL,NULL,NULL,NULL,NULL,NULL,NULL,'2023-12-14 02:40:40','2023-12-14 02:40:40'),(16,'Prison13',NULL,NULL,NULL,NULL,NULL,NULL,NULL,NULL,NULL,NULL,NULL,NULL,NULL,NULL,NULL,NULL,'2023-12-14 02:54:29','2023-12-14 02:54:29'),(17,'Regional14',NULL,NULL,NULL,NULL,NULL,NULL,NULL,NULL,NULL,NULL,NULL,NULL,NULL,NULL,NULL,NULL,'2023-12-14 03:24:58','2023-12-14 03:24:58'),(18,'Officer15',NULL,NULL,NULL,NULL,NULL,NULL,NULL,NULL,NULL,NULL,NULL,NULL,NULL,NULL,NULL,NULL,'2023-12-14 03:36:28','2023-12-14 03:36:28'),(19,'Officer16',NULL,NULL,NULL,NULL,NULL,NULL,NULL,NULL,NULL,NULL,NULL,NULL,NULL,NULL,NULL,NULL,'2023-12-14 03:40:44','2023-12-14 03:40:44'),(20,'Officer17',NULL,NULL,NULL,NULL,NULL,NULL,NULL,NULL,NULL,NULL,NULL,NULL,NULL,NULL,NULL,NULL,'2023-12-14 03:44:32','2023-12-14 03:44:32'),(21,'SecurityOfficer18',NULL,NULL,NULL,NULL,NULL,NULL,NULL,NULL,NULL,NULL,NULL,NULL,NULL,NULL,NULL,NULL,'2023-12-14 03:49:14','2023-12-14 03:49:14'),(22,'Agent19',NULL,NULL,NULL,NULL,NULL,NULL,NULL,NULL,NULL,NULL,NULL,NULL,NULL,NULL,NULL,NULL,'2023-12-14 03:54:22','2023-12-14 03:54:22'),(23,'Agent20',NULL,NULL,NULL,NULL,NULL,NULL,NULL,NULL,NULL,NULL,NULL,NULL,NULL,NULL,NULL,NULL,'2023-12-14 04:03:35','2023-12-14 04:03:35'),(24,'Agent21',NULL,NULL,NULL,NULL,NULL,NULL,NULL,NULL,NULL,NULL,NULL,NULL,NULL,NULL,NULL,NULL,'2023-12-14 04:07:53','2023-12-14 04:07:53'),(25,'chemist2',NULL,NULL,NULL,NULL,NULL,NULL,NULL,NULL,NULL,NULL,NULL,NULL,NULL,NULL,NULL,NULL,'2023-12-14 06:29:43','2023-12-14 06:29:43'),(26,'chemist3',NULL,NULL,NULL,NULL,NULL,NULL,NULL,NULL,NULL,NULL,NULL,NULL,NULL,NULL,NULL,NULL,'2023-12-14 07:22:47','2023-12-14 07:22:47');
/*!40000 ALTER TABLE `family_background` ENABLE KEYS */;
UNLOCK TABLES;

--
-- Table structure for table `government_issued_ids`
--

DROP TABLE IF EXISTS `government_issued_ids`;
/*!40101 SET @saved_cs_client     = @@character_set_client */;
/*!50503 SET character_set_client = utf8mb4 */;
CREATE TABLE `government_issued_ids` (
  `id` int unsigned NOT NULL AUTO_INCREMENT,
  `EmployeeID` varchar(20) NOT NULL,
  `id_type` varchar(50) NOT NULL,
  `date_of_issuance` date DEFAULT NULL,
  `place_of_issuance` varchar(255) DEFAULT NULL,
  `created_at` timestamp NULL DEFAULT NULL,
  `updated_at` timestamp NULL DEFAULT NULL,
  PRIMARY KEY (`id`),
  KEY `government_issued_ids_EmployeeID_foreign` (`EmployeeID`),
  CONSTRAINT `government_issued_ids_EmployeeID_foreign` FOREIGN KEY (`EmployeeID`) REFERENCES `personal_information` (`EmployeeID`)
) ENGINE=InnoDB DEFAULT CHARSET=utf8mb3;
/*!40101 SET character_set_client = @saved_cs_client */;

--
-- Dumping data for table `government_issued_ids`
--

LOCK TABLES `government_issued_ids` WRITE;
/*!40000 ALTER TABLE `government_issued_ids` DISABLE KEYS */;
/*!40000 ALTER TABLE `government_issued_ids` ENABLE KEYS */;
UNLOCK TABLES;

--
-- Table structure for table `internal_employee_training`
--

DROP TABLE IF EXISTS `internal_employee_training`;
/*!40101 SET @saved_cs_client     = @@character_set_client */;
/*!50503 SET character_set_client = utf8mb4 */;
CREATE TABLE `internal_employee_training` (
  `internal_training_id` int unsigned NOT NULL AUTO_INCREMENT,
  `EmployeeID` varchar(20) NOT NULL,
  `training_id` int unsigned NOT NULL,
  `attendance_date` date DEFAULT NULL,
  PRIMARY KEY (`internal_training_id`),
  KEY `internal_employee_training_EmployeeID_foreign` (`EmployeeID`),
  KEY `internal_employee_training_training_id_foreign` (`training_id`),
  CONSTRAINT `internal_employee_training_EmployeeID_foreign` FOREIGN KEY (`EmployeeID`) REFERENCES `personal_information` (`EmployeeID`),
  CONSTRAINT `internal_employee_training_training_id_foreign` FOREIGN KEY (`training_id`) REFERENCES `training` (`training_id`)
) ENGINE=InnoDB DEFAULT CHARSET=utf8mb3;
/*!40101 SET character_set_client = @saved_cs_client */;

--
-- Dumping data for table `internal_employee_training`
--

LOCK TABLES `internal_employee_training` WRITE;
/*!40000 ALTER TABLE `internal_employee_training` DISABLE KEYS */;
/*!40000 ALTER TABLE `internal_employee_training` ENABLE KEYS */;
UNLOCK TABLES;

--
-- Table structure for table `leave_balance`
--

DROP TABLE IF EXISTS `leave_balance`;
/*!40101 SET @saved_cs_client     = @@character_set_client */;
/*!50503 SET character_set_client = utf8mb4 */;
CREATE TABLE `leave_balance` (
  `LeaveBalanceID` int unsigned NOT NULL AUTO_INCREMENT,
  `LeaveTypeID` int unsigned NOT NULL,
  `EmployeeID` varchar(20) NOT NULL,
  `NumberofLeaves` int NOT NULL,
  `created_at` timestamp NULL DEFAULT NULL,
  `updated_at` timestamp NULL DEFAULT NULL,
  PRIMARY KEY (`LeaveBalanceID`),
  KEY `leave_balance_LeaveTypeID_foreign` (`LeaveTypeID`),
  KEY `leave_balance_EmployeeID_foreign` (`EmployeeID`),
  CONSTRAINT `leave_balance_EmployeeID_foreign` FOREIGN KEY (`EmployeeID`) REFERENCES `personal_information` (`EmployeeID`),
  CONSTRAINT `leave_balance_LeaveTypeID_foreign` FOREIGN KEY (`LeaveTypeID`) REFERENCES `leave_type` (`LeaveTypeID`)
) ENGINE=InnoDB AUTO_INCREMENT=105 DEFAULT CHARSET=utf8mb3;
/*!40101 SET character_set_client = @saved_cs_client */;

--
-- Dumping data for table `leave_balance`
--

LOCK TABLES `leave_balance` WRITE;
/*!40000 ALTER TABLE `leave_balance` DISABLE KEYS */;
INSERT INTO `leave_balance` VALUES (1,1,'Admin1',5,'2023-12-13 06:17:38','2023-12-13 06:17:38'),(2,2,'Admin1',3,'2023-12-13 06:17:38','2023-12-13 06:17:38'),(3,3,'Admin1',15,'2023-12-13 06:17:38','2023-12-13 06:17:38'),(4,4,'Admin1',15,'2023-12-13 06:17:38','2023-12-13 06:17:38'),(5,1,'Admin2',5,'2023-12-13 06:20:05','2023-12-13 06:20:05'),(6,2,'Admin2',3,'2023-12-13 06:20:05','2023-12-13 06:20:05'),(7,3,'Admin2',15,'2023-12-13 06:20:05','2023-12-13 06:20:05'),(8,4,'Admin2',15,'2023-12-13 06:20:05','2023-12-13 06:20:05'),(9,1,'RD1',5,'2023-12-13 07:18:14','2023-12-13 07:18:14'),(10,2,'RD1',3,'2023-12-13 07:18:14','2023-12-13 07:18:14'),(11,3,'RD1',15,'2023-12-13 07:18:14','2023-12-13 07:18:14'),(12,4,'RD1',15,'2023-12-13 07:18:14','2023-12-13 07:18:14'),(13,1,'RDSecretary2',5,'2023-12-13 07:32:53','2023-12-13 07:32:53'),(14,2,'RDSecretary2',3,'2023-12-13 07:32:53','2023-12-13 07:32:53'),(15,3,'RDSecretary2',15,'2023-12-13 07:32:53','2023-12-13 07:32:53'),(16,4,'RDSecretary2',15,'2023-12-13 07:32:53','2023-12-13 07:32:53'),(17,1,'Officer3',5,'2023-12-13 07:40:49','2023-12-13 07:40:49'),(18,2,'Officer3',3,'2023-12-13 07:40:49','2023-12-13 07:40:49'),(19,3,'Officer3',15,'2023-12-13 07:40:49','2023-12-13 07:40:49'),(20,4,'Officer3',15,'2023-12-13 07:40:49','2023-12-13 07:40:49'),(21,1,'Photographer4',5,'2023-12-13 07:45:38','2023-12-13 07:45:38'),(22,2,'Photographer4',3,'2023-12-13 07:45:38','2023-12-13 07:45:38'),(23,3,'Photographer4',15,'2023-12-13 07:45:38','2023-12-13 07:45:38'),(24,4,'Photographer4',15,'2023-12-13 07:45:38','2023-12-13 07:45:38'),(25,1,'Assistant5',5,'2023-12-13 07:56:08','2023-12-13 07:56:08'),(26,2,'Assistant5',3,'2023-12-13 07:56:08','2023-12-13 07:56:08'),(27,3,'Assistant5',15,'2023-12-13 07:56:08','2023-12-13 07:56:08'),(28,4,'Assistant5',15,'2023-12-13 07:56:08','2023-12-13 07:56:08'),(29,1,'Attorney6',5,'2023-12-13 08:02:02','2023-12-13 08:02:02'),(30,2,'Attorney6',3,'2023-12-13 08:02:02','2023-12-13 08:02:02'),(31,3,'Attorney6',15,'2023-12-13 08:02:02','2023-12-13 08:02:02'),(32,4,'Attorney6',15,'2023-12-13 08:02:02','2023-12-13 08:02:02'),(33,1,'Officer7',5,'2023-12-13 08:07:34','2023-12-13 08:07:34'),(34,2,'Officer7',3,'2023-12-13 08:07:34','2023-12-13 08:07:34'),(35,3,'Officer7',15,'2023-12-13 08:07:34','2023-12-13 08:07:34'),(36,4,'Officer7',15,'2023-12-13 08:07:34','2023-12-13 08:07:34'),(37,1,'Custodian8',5,'2023-12-13 08:12:55','2023-12-13 08:12:55'),(38,2,'Custodian8',3,'2023-12-13 08:12:55','2023-12-13 08:12:55'),(39,3,'Custodian8',15,'2023-12-13 08:12:55','2023-12-13 08:12:55'),(40,4,'Custodian8',15,'2023-12-13 08:12:55','2023-12-13 08:12:55'),(41,1,'Driver1',5,'2023-12-13 08:17:36','2023-12-13 08:17:36'),(42,2,'Driver1',3,'2023-12-13 08:17:36','2023-12-13 08:17:36'),(43,3,'Driver1',15,'2023-12-13 08:17:36','2023-12-13 08:17:36'),(44,4,'Driver1',15,'2023-12-13 08:17:36','2023-12-13 08:17:36'),(45,1,'Utilities9',5,'2023-12-13 08:22:10','2023-12-13 08:22:10'),(46,2,'Utilities9',3,'2023-12-13 08:22:10','2023-12-13 08:22:10'),(47,3,'Utilities9',15,'2023-12-13 08:22:10','2023-12-13 08:22:10'),(48,4,'Utilities9',15,'2023-12-13 08:22:10','2023-12-13 08:22:10'),(49,1,'RegulatoryOfficer11',5,'2023-12-14 02:27:00','2023-12-14 02:27:00'),(50,2,'RegulatoryOfficer11',3,'2023-12-14 02:27:00','2023-12-14 02:27:00'),(51,3,'RegulatoryOfficer11',15,'2023-12-14 02:27:00','2023-12-14 02:27:00'),(52,4,'RegulatoryOfficer11',15,'2023-12-14 02:27:00','2023-12-14 02:27:00'),(53,1,'InformationOfficer12',5,'2023-12-14 02:35:52','2023-12-14 02:35:52'),(54,2,'InformationOfficer12',3,'2023-12-14 02:35:52','2023-12-14 02:35:52'),(55,3,'InformationOfficer12',15,'2023-12-14 02:35:52','2023-12-14 02:35:52'),(56,4,'InformationOfficer12',15,'2023-12-14 02:35:52','2023-12-14 02:35:52'),(57,1,'Chemist12',5,'2023-12-14 02:40:40','2023-12-14 02:40:40'),(58,2,'Chemist12',3,'2023-12-14 02:40:40','2023-12-14 02:40:40'),(59,3,'Chemist12',15,'2023-12-14 02:40:40','2023-12-14 02:40:40'),(60,4,'Chemist12',15,'2023-12-14 02:40:40','2023-12-14 02:40:40'),(61,1,'Prison13',5,'2023-12-14 02:54:29','2023-12-14 02:54:29'),(62,2,'Prison13',3,'2023-12-14 02:54:29','2023-12-14 02:54:29'),(63,3,'Prison13',15,'2023-12-14 02:54:29','2023-12-14 02:54:29'),(64,4,'Prison13',15,'2023-12-14 02:54:29','2023-12-14 02:54:29'),(65,1,'Regional14',5,'2023-12-14 03:24:59','2023-12-14 03:24:59'),(66,2,'Regional14',3,'2023-12-14 03:24:59','2023-12-14 03:24:59'),(67,3,'Regional14',15,'2023-12-14 03:24:59','2023-12-14 03:24:59'),(68,4,'Regional14',15,'2023-12-14 03:24:59','2023-12-14 03:24:59'),(69,1,'Officer15',5,'2023-12-14 03:36:28','2023-12-14 03:36:28'),(70,2,'Officer15',3,'2023-12-14 03:36:28','2023-12-14 03:36:28'),(71,3,'Officer15',15,'2023-12-14 03:36:28','2023-12-14 03:36:28'),(72,4,'Officer15',15,'2023-12-14 03:36:28','2023-12-14 03:36:28'),(73,1,'Officer16',5,'2023-12-14 03:40:44','2023-12-14 03:40:44'),(74,2,'Officer16',3,'2023-12-14 03:40:44','2023-12-14 03:40:44'),(75,3,'Officer16',15,'2023-12-14 03:40:44','2023-12-14 03:40:44'),(76,4,'Officer16',15,'2023-12-14 03:40:44','2023-12-14 03:40:44'),(77,1,'Officer17',5,'2023-12-14 03:44:32','2023-12-14 03:44:32'),(78,2,'Officer17',3,'2023-12-14 03:44:32','2023-12-14 03:44:32'),(79,3,'Officer17',15,'2023-12-14 03:44:32','2023-12-14 03:44:32'),(80,4,'Officer17',15,'2023-12-14 03:44:32','2023-12-14 03:44:32'),(81,1,'SecurityOfficer18',5,'2023-12-14 03:49:14','2023-12-14 03:49:14'),(82,2,'SecurityOfficer18',3,'2023-12-14 03:49:14','2023-12-14 03:49:14'),(83,3,'SecurityOfficer18',15,'2023-12-14 03:49:14','2023-12-14 03:49:14'),(84,4,'SecurityOfficer18',15,'2023-12-14 03:49:14','2023-12-14 03:49:14'),(85,1,'Agent19',5,'2023-12-14 03:54:22','2023-12-14 03:54:22'),(86,2,'Agent19',3,'2023-12-14 03:54:22','2023-12-14 03:54:22'),(87,3,'Agent19',15,'2023-12-14 03:54:22','2023-12-14 03:54:22'),(88,4,'Agent19',15,'2023-12-14 03:54:22','2023-12-14 03:54:22'),(89,1,'Agent20',5,'2023-12-14 04:03:35','2023-12-14 04:03:35'),(90,2,'Agent20',3,'2023-12-14 04:03:35','2023-12-14 04:03:35'),(91,3,'Agent20',15,'2023-12-14 04:03:35','2023-12-14 04:03:35'),(92,4,'Agent20',15,'2023-12-14 04:03:35','2023-12-14 04:03:35'),(93,1,'Agent21',5,'2023-12-14 04:07:53','2023-12-14 04:07:53'),(94,2,'Agent21',3,'2023-12-14 04:07:53','2023-12-14 04:07:53'),(95,3,'Agent21',15,'2023-12-14 04:07:53','2023-12-14 04:07:53'),(96,4,'Agent21',15,'2023-12-14 04:07:53','2023-12-14 04:07:53'),(97,1,'chemist2',5,'2023-12-14 06:29:43','2023-12-14 06:29:43'),(98,2,'chemist2',3,'2023-12-14 06:29:43','2023-12-14 06:29:43'),(99,3,'chemist2',15,'2023-12-14 06:29:43','2023-12-14 06:29:43'),(100,4,'chemist2',15,'2023-12-14 06:29:43','2023-12-14 06:29:43'),(101,1,'chemist3',5,'2023-12-14 07:22:47','2023-12-14 07:22:47'),(102,2,'chemist3',3,'2023-12-14 07:22:47','2023-12-14 07:22:47'),(103,3,'chemist3',15,'2023-12-14 07:22:47','2023-12-14 07:22:47'),(104,4,'chemist3',15,'2023-12-14 07:22:47','2023-12-14 07:22:47');
/*!40000 ALTER TABLE `leave_balance` ENABLE KEYS */;
UNLOCK TABLES;

--
-- Table structure for table `leave_request_notes`
--

DROP TABLE IF EXISTS `leave_request_notes`;
/*!40101 SET @saved_cs_client     = @@character_set_client */;
/*!50503 SET character_set_client = utf8mb4 */;
CREATE TABLE `leave_request_notes` (
  `NoteID` int unsigned NOT NULL AUTO_INCREMENT,
  `LeaveRequestID` int unsigned NOT NULL,
  `Note` text,
  `CreatedBy` varchar(50) NOT NULL,
  `CreatedAt` datetime NOT NULL,
  `TypeOfNote` varchar(50) DEFAULT NULL,
  PRIMARY KEY (`NoteID`),
  KEY `leave_request_notes_LeaveRequestID_foreign` (`LeaveRequestID`),
  CONSTRAINT `leave_request_notes_LeaveRequestID_foreign` FOREIGN KEY (`LeaveRequestID`) REFERENCES `employee_leaves` (`id`) ON DELETE CASCADE ON UPDATE CASCADE
) ENGINE=InnoDB DEFAULT CHARSET=utf8mb3;
/*!40101 SET character_set_client = @saved_cs_client */;

--
-- Dumping data for table `leave_request_notes`
--

LOCK TABLES `leave_request_notes` WRITE;
/*!40000 ALTER TABLE `leave_request_notes` DISABLE KEYS */;
/*!40000 ALTER TABLE `leave_request_notes` ENABLE KEYS */;
UNLOCK TABLES;

--
-- Table structure for table `leave_type`
--

DROP TABLE IF EXISTS `leave_type`;
/*!40101 SET @saved_cs_client     = @@character_set_client */;
/*!50503 SET character_set_client = utf8mb4 */;
CREATE TABLE `leave_type` (
  `LeaveTypeID` int unsigned NOT NULL AUTO_INCREMENT,
  `LeaveTypeName` text NOT NULL,
  `DefaultLeaveCount` int NOT NULL,
  `created_at` timestamp NULL DEFAULT NULL,
  `updated_at` timestamp NULL DEFAULT NULL,
  PRIMARY KEY (`LeaveTypeID`)
) ENGINE=InnoDB AUTO_INCREMENT=5 DEFAULT CHARSET=utf8mb3;
/*!40101 SET character_set_client = @saved_cs_client */;

--
-- Dumping data for table `leave_type`
--

LOCK TABLES `leave_type` WRITE;
/*!40000 ALTER TABLE `leave_type` DISABLE KEYS */;
INSERT INTO `leave_type` VALUES (1,'Mandatory Leave',5,'2023-11-12 06:50:10','2023-11-12 06:50:10'),(2,'Special Privilege Leave',3,'2023-11-12 06:50:10','2023-11-12 06:50:10'),(3,'Vacation Leave',15,'2023-11-12 06:50:10','2023-11-12 06:50:10'),(4,'Sick Leave',15,'2023-11-12 06:50:10','2023-11-12 06:50:10');
/*!40000 ALTER TABLE `leave_type` ENABLE KEYS */;
UNLOCK TABLES;

--
-- Table structure for table `migrations`
--

DROP TABLE IF EXISTS `migrations`;
/*!40101 SET @saved_cs_client     = @@character_set_client */;
/*!50503 SET character_set_client = utf8mb4 */;
CREATE TABLE `migrations` (
  `id` bigint unsigned NOT NULL AUTO_INCREMENT,
  `version` varchar(255) NOT NULL,
  `class` varchar(255) NOT NULL,
  `group` varchar(255) NOT NULL,
  `namespace` varchar(255) NOT NULL,
  `time` int NOT NULL,
  `batch` int unsigned NOT NULL,
  PRIMARY KEY (`id`)
) ENGINE=InnoDB AUTO_INCREMENT=54 DEFAULT CHARSET=utf8mb3;
/*!40101 SET character_set_client = @saved_cs_client */;

--
-- Dumping data for table `migrations`
--

LOCK TABLES `migrations` WRITE;
/*!40000 ALTER TABLE `migrations` DISABLE KEYS */;
INSERT INTO `migrations` VALUES (1,'2023-11-19-055920','App\\Database\\Migrations\\PersonalInformation','default','App',1702462472,1),(2,'2023-11-19-060041','App\\Database\\Migrations\\AuthenticationRole','default','App',1702462472,1),(3,'2023-11-19-060156','App\\Database\\Migrations\\EmployeeAuthrole','default','App',1702462472,1),(4,'2023-11-19-060258','App\\Database\\Migrations\\Section','default','App',1702462472,1),(5,'2023-11-19-060355','App\\Database\\Migrations\\EmployeeSection','default','App',1702462473,1),(6,'2023-11-19-060453','App\\Database\\Migrations\\LeaveType','default','App',1702462473,1),(7,'2023-11-19-060549','App\\Database\\Migrations\\LeaveBalance','default','App',1702462473,1),(8,'2023-11-19-060644','App\\Database\\Migrations\\Designation','default','App',1702462473,1),(9,'2023-11-19-060808','App\\Database\\Migrations\\EmployeeDesignation','default','App',1702462473,1),(10,'2023-11-19-061244','App\\Database\\Migrations\\Position','default','App',1702462473,1),(11,'2023-11-19-061355','App\\Database\\Migrations\\EmployeePosition','default','App',1702462473,1),(12,'2023-11-19-061719','App\\Database\\Migrations\\FamilyBackground','default','App',1702462473,1),(13,'2023-11-19-061814','App\\Database\\Migrations\\Children','default','App',1702462473,1),(14,'2023-11-19-062133','App\\Database\\Migrations\\EducationalBackground','default','App',1702462473,1),(15,'2023-11-19-062224','App\\Database\\Migrations\\TrainingPrograms','default','App',1702462473,1),(16,'2023-11-19-062323','App\\Database\\Migrations\\CivilServiceEligibility','default','App',1702462473,1),(17,'2023-11-19-062410','App\\Database\\Migrations\\WorkExperience','default','App',1702462473,1),(18,'2023-11-19-062531','App\\Database\\Migrations\\VoluntaryWork','default','App',1702462473,1),(19,'2023-11-19-062618','App\\Database\\Migrations\\OtherInformation','default','App',1702462473,1),(20,'2023-11-19-062749','App\\Database\\Migrations\\PdSheetQuestions','default','App',1702462473,1),(21,'2023-11-19-062835','App\\Database\\Migrations\\ReferencesTbl','default','App',1702462473,1),(22,'2023-11-19-062919','App\\Database\\Migrations\\GovernmentIssuedIds','default','App',1702462474,1),(23,'2023-11-19-063337','App\\Database\\Migrations\\Department','default','App',1702462474,1),(24,'2023-11-19-063617','App\\Database\\Migrations\\ProvincialOffice','default','App',1702462474,1),(25,'2023-11-19-063727','App\\Database\\Migrations\\RegionalOffice','default','App',1702462474,1),(26,'2023-11-19-064540','App\\Database\\Migrations\\Procurement','default','App',1702462474,1),(27,'2023-11-19-065040','App\\Database\\Migrations\\AssetType','default','App',1702462474,1),(28,'2023-11-19-065134','App\\Database\\Migrations\\Asset','default','App',1702462474,1),(29,'2023-11-19-065747','App\\Database\\Migrations\\AssetStatus','default','App',1702462474,1),(30,'2023-11-19-070316','App\\Database\\Migrations\\AssetAudit','default','App',1702462474,1),(31,'2023-11-19-071243','App\\Database\\Migrations\\Training','default','App',1702462474,1),(32,'2023-11-19-071320','App\\Database\\Migrations\\InternalEmployeeTraining','default','App',1702462474,1),(33,'2023-11-19-071521','App\\Database\\Migrations\\EmployeeAddress','default','App',1702462474,1),(34,'2023-11-19-105500','App\\Database\\Migrations\\ProcurementStatus','default','App',1702462474,1),(35,'2023-11-19-111102','App\\Database\\Migrations\\ProcurementUpdate','default','App',1702462474,1),(36,'2023-11-19-151828','App\\Database\\Migrations\\ProcurementStatusUpdate','default','App',1702462474,1),(37,'2023-11-20-002108','App\\Database\\Migrations\\PersonalInformationPhoto','default','App',1702462474,1),(38,'2023-11-23-101630','App\\Database\\Migrations\\Trainingupdate1','default','App',1702462475,1),(39,'2023-11-23-152523','App\\Database\\Migrations\\EmployeeTrainingUpdate','default','App',1702462475,1),(40,'2023-11-24-012406','App\\Database\\Migrations\\CreateEmployeeLeave','default','App',1702462475,1),(41,'2023-11-26-104428','App\\Database\\Migrations\\Updateonemployeeleave','default','App',1702462475,1),(42,'2023-12-08-222319','App\\Database\\Migrations\\CreateLeaveRequestNotesTable','default','App',1702462475,1),(43,'2023-12-08-230032','App\\Database\\Migrations\\AlterLeaveRequestNotesTable','default','App',1702462475,1),(44,'2023-12-09-053150','App\\Database\\Migrations\\Updateaddressfk','default','App',1702462475,1),(45,'2023-12-09-053717','App\\Database\\Migrations\\Address','default','App',1702462475,1),(46,'2023-12-09-054135','App\\Database\\Migrations\\AddressUpdate','default','App',1702462475,1),(47,'2023-12-09-060433','App\\Database\\Migrations\\AddVocationalAndGraduateStudiesToLevelEnum','default','App',1702462475,1),(48,'2023-12-09-065720','App\\Database\\Migrations\\CivilServiceAlter','default','App',1702462475,1),(49,'2023-12-10-020736','App\\Database\\Migrations\\AddArticleToAsset','default','App',1702462475,1),(50,'2023-12-10-043043','App\\Database\\Migrations\\RemakeAssetLocation','default','App',1702462475,1),(51,'2023-12-10-055509','App\\Database\\Migrations\\AssetAudit','default','App',1702474873,2),(52,'2023-12-13-133452','App\\Database\\Migrations\\Division','default','App',1702474873,2),(53,'2023-12-13-133742','App\\Database\\Migrations\\EmployeeDivision','default','App',1702474873,2);
/*!40000 ALTER TABLE `migrations` ENABLE KEYS */;
UNLOCK TABLES;

--
-- Table structure for table `other_information`
--

DROP TABLE IF EXISTS `other_information`;
/*!40101 SET @saved_cs_client     = @@character_set_client */;
/*!50503 SET character_set_client = utf8mb4 */;
CREATE TABLE `other_information` (
  `info_id` int NOT NULL AUTO_INCREMENT,
  `EmployeeID` varchar(20) NOT NULL,
  `special_skills_hobbies` text,
  `non_academic_distinctions_recognition` text,
  `membership_association_organization` text,
  `created_at` timestamp NULL DEFAULT NULL,
  `updated_at` timestamp NULL DEFAULT NULL,
  PRIMARY KEY (`info_id`),
  KEY `other_information_EmployeeID_foreign` (`EmployeeID`),
  CONSTRAINT `other_information_EmployeeID_foreign` FOREIGN KEY (`EmployeeID`) REFERENCES `personal_information` (`EmployeeID`)
) ENGINE=InnoDB DEFAULT CHARSET=utf8mb3;
/*!40101 SET character_set_client = @saved_cs_client */;

--
-- Dumping data for table `other_information`
--

LOCK TABLES `other_information` WRITE;
/*!40000 ALTER TABLE `other_information` DISABLE KEYS */;
/*!40000 ALTER TABLE `other_information` ENABLE KEYS */;
UNLOCK TABLES;

--
-- Table structure for table `pd_sheet_questions`
--

DROP TABLE IF EXISTS `pd_sheet_questions`;
/*!40101 SET @saved_cs_client     = @@character_set_client */;
/*!50503 SET character_set_client = utf8mb4 */;
CREATE TABLE `pd_sheet_questions` (
  `question_id` int unsigned NOT NULL AUTO_INCREMENT,
  `EmployeeID` varchar(20) NOT NULL,
  `question_code` varchar(20) NOT NULL,
  `question_text` text NOT NULL,
  `answer` enum('Yes','No') NOT NULL,
  `details` text,
  `date_of_event` date DEFAULT NULL,
  `status_or_remarks` text,
  `created_at` timestamp NULL DEFAULT NULL,
  `updated_at` timestamp NULL DEFAULT NULL,
  PRIMARY KEY (`question_id`),
  KEY `pd_sheet_questions_EmployeeID_foreign` (`EmployeeID`),
  CONSTRAINT `pd_sheet_questions_EmployeeID_foreign` FOREIGN KEY (`EmployeeID`) REFERENCES `personal_information` (`EmployeeID`)
) ENGINE=InnoDB DEFAULT CHARSET=utf8mb3;
/*!40101 SET character_set_client = @saved_cs_client */;

--
-- Dumping data for table `pd_sheet_questions`
--

LOCK TABLES `pd_sheet_questions` WRITE;
/*!40000 ALTER TABLE `pd_sheet_questions` DISABLE KEYS */;
/*!40000 ALTER TABLE `pd_sheet_questions` ENABLE KEYS */;
UNLOCK TABLES;

--
-- Table structure for table `personal_information`
--

DROP TABLE IF EXISTS `personal_information`;
/*!40101 SET @saved_cs_client     = @@character_set_client */;
/*!50503 SET character_set_client = utf8mb4 */;
CREATE TABLE `personal_information` (
  `EmployeeID` varchar(20) NOT NULL,
  `surname` varchar(50) NOT NULL,
  `first_name` varchar(50) NOT NULL,
  `name_extension` varchar(10) DEFAULT NULL,
  `middle_name` varchar(50) DEFAULT NULL,
  `date_of_birth` date NOT NULL,
  `place_of_birth` varchar(100) DEFAULT NULL,
  `sex` enum('M','F') NOT NULL,
  `civil_status` varchar(20) DEFAULT NULL,
  `height` decimal(5,2) DEFAULT NULL,
  `weight` decimal(5,2) DEFAULT NULL,
  `blood_type` varchar(5) DEFAULT NULL,
  `gsis_id_no` varchar(20) DEFAULT NULL,
  `pag_ibig_id_no` varchar(20) DEFAULT NULL,
  `philhealth_no` varchar(20) DEFAULT NULL,
  `sss_no` varchar(20) DEFAULT NULL,
  `tin_no` varchar(20) DEFAULT NULL,
  `agency_employee_no` varchar(20) DEFAULT NULL,
  `citizenship` varchar(50) NOT NULL,
  `dual_citizenship_type` varchar(25) DEFAULT NULL,
  `country` varchar(100) DEFAULT NULL,
  `telephone_no` varchar(15) DEFAULT NULL,
  `mobile_no` varchar(15) DEFAULT NULL,
  `Email` varchar(100) DEFAULT NULL,
  `Password` varchar(255) DEFAULT NULL,
  `DateOfEntry` date NOT NULL,
  `IPCR` int DEFAULT NULL,
  `created_at` timestamp NULL DEFAULT NULL,
  `updated_at` timestamp NULL DEFAULT NULL,
  `photo` text,
  PRIMARY KEY (`EmployeeID`)
) ENGINE=InnoDB DEFAULT CHARSET=utf8mb3;
/*!40101 SET character_set_client = @saved_cs_client */;

--
-- Dumping data for table `personal_information`
--

LOCK TABLES `personal_information` WRITE;
/*!40000 ALTER TABLE `personal_information` DISABLE KEYS */;
INSERT INTO `personal_information` VALUES ('Admin1','Doe','John',NULL,NULL,'1985-01-01','City, Country','M','Single',1.50,45.00,'AB+','1111','1','1','1','1','1','Country',NULL,'Country','1234567890','1234567890','johndoe@email.com','$argon2id$v=19$m=65536,t=4,p=1$RDZFTDNLOFhmT3g4YUVpNA$qg8GVT3wk1kwhtgrAjwLm2jvYJ073qD6gRl/DEkB7tk','2023-01-01',5,'2023-12-13 06:17:38','2023-12-13 06:17:38',NULL),('Admin2','Doe','Johna',NULL,NULL,'1985-01-01','City, Country','M','Single',1.50,45.00,'AB+','1111','1','1','1','1','1','Country',NULL,'Country','1234567890','1234567890','johna.doe@email.com','$argon2id$v=19$m=65536,t=4,p=1$SlJZeVFrSmN6Z1ZTdlhELw$JG67H2v9cCiDCmjb28khCPk2EjRye8CGzNcHuqS9Og4','2023-01-01',5,'2023-12-13 06:20:05','2023-12-13 06:20:05',NULL),('Agent19','Beron','Andrei','','Antidro','1993-08-17','Suqui Calapan City','M','Single',1.70,67.00,'B+','87473832223','7784-3094-0093','66-394933222-2','77-3049383-2','445-393-334','Agent19','Filipino',NULL,'','6673-04939433','09334822932','beron@email.com','$argon2id$v=19$m=65536,t=4,p=1$dlJldmpid1I4SS5iUHpOTg$3Suwwv1DNGQMQxgMwDcnXtKn0Wu2+TrOVqiG9VSd6dk','2023-11-23',5,'2023-12-14 03:54:22','2023-12-14 03:54:22','1702554862_d2d2fcb3d8b05b87abd4.jpg'),('Agent20','Cloud','Rhaym','','Lee','1989-07-04','Lazareto Calapan City','M','Married',1.65,58.00,'AB+','78837436463','6673-9393-3030','88-938383322-2','67-2092322-1','556-393-223','Agent20','Filipino',NULL,'','5539-30393933','09554688022','rhaym@email.com','$argon2id$v=19$m=65536,t=4,p=1$NTdXeGYxYUZ2S1FpMnQwVw$Fsmnni+fa6gLEgavig4NDqyWPcbOGJVWBKpNATthPDY','2023-11-27',5,'2023-12-14 04:03:35','2023-12-14 04:03:35','1702555415_7c28888bb0d38439fdc3.jpg'),('Agent21','Sagun','Shanchai','','Lanillo','1991-10-23','Calero Calapan City','F','Single',1.50,54.00,'AB+','87373990000','8873-1111-0012','44-928382822-2','88-0098282-1','998-939-144','Agent21','Filipino',NULL,'','7780-00003237','09117899234','shanchai@email.com','$argon2id$v=19$m=65536,t=4,p=1$QjV6dUYuN1BHOU9Nb00zSg$/0Llu8D1289zax2h17Fotkri1bHBk/CoW1gPGLmE3+8','2023-11-28',5,'2023-12-14 04:07:53','2023-12-14 04:07:54','1702555674_a19bc7599d075b43a934.jpg'),('Assistant5','Prudente','Shirlyn','','Melendrez','1995-05-10','Canubing I Calapan City','F','Single',1.55,50.00,'AB-','97823681023','1092-1923-0192','33-019273922-1','00-2837291-3','932-293-001','Assistant5','Filipino',NULL,'','8745-028362','0912859001','prudente@email.com','$argon2id$v=19$m=65536,t=4,p=1$TUo3R2lMRVdhai9wTlFoaw$IvA7M9Bsa/MR8aIyew1lr4Yvr9xRn1inLQgULrw5/Eo','2023-11-30',5,'2023-12-13 07:56:08','2023-12-13 07:56:08','1702482968_9b2777c352c134829a6b.jpg'),('Attorney6','Gamier','Noa','','Mikkaz','1981-09-08','Ibaba Calapan City','','Married',1.65,55.00,'AB+','09723819032','6542-0982-1111','44-382623228-0','98-0283773-1','555-092-092','Attorney6','Filipino',NULL,'','839-9273639','0987777771','johndoe@email.com','$argon2id$v=19$m=65536,t=4,p=1$YS9GTHpLM3NCSi5KRDhQcg$1RbQVWw27FAmoyAzsKPfwTzS9tD2uDyVCTCoEE5XyZ8','2023-12-11',5,'2023-12-13 08:02:02','2023-12-13 08:02:02','1702483322_59e0859ff0a34c6f9679.jpg'),('Chemist12','Pereda','Jorie Ann','','Solas','1987-01-22','Lalud Calapan City','F','Married',1.50,50.00,'O+','84754830333','8723-9384-2934','44-093874332-2','56-0394839-3','456-048-233','Chemist12','Filipino',NULL,'','8477-09934843','098823455526','jorieann@email.com','$argon2id$v=19$m=65536,t=4,p=1$UGJ0QVVOdGVnLjduYjlHZQ$GBldXxHe+pHhtNazqonEapgduOnzpuqoF5KXtW91hr0','2023-12-19',5,'2023-12-14 02:40:40','2023-12-14 02:40:40','1702550440_01c5c3fa1927916e2545.jpg'),('chemist2','Dela Cruz','Joana','','Castro','1995-12-06','Pachoca Calapan City','F','Single',1.55,52.00,'AB+','94883902333','8882-1923-2334','22-393333222-1','88-0233887-2','567-009-933','chemist2','Filipino',NULL,'','9888-9377333','09887683903','joana@email.com','$argon2id$v=19$m=65536,t=4,p=1$TEt0THBzQi4veGs2S0VLSA$pP9SLAsZVsSziAKi70pkxUVIvwX22NodR3Vwe/4J8AM','2023-12-21',5,'2023-12-14 06:29:43','2023-12-14 06:29:43','1702564183_817f3ad1ec6daf570435.jpg'),('chemist3','Mendoza','Avril','','Bukid','1991-03-20','Abaton Calapan City','F','Single',1.55,51.00,'AB+','82739992112','5576-2938-2344','55-938743212-2','66-9283342-2','778-039-233','chemist3','Filipino',NULL,'','8898-9377773','09887635487','avril@email.com','$argon2id$v=19$m=65536,t=4,p=1$QTM2V09hcWxaM082dVNnVw$b33n3kM/0K9jmbFqxHMU402KKavFJ3DrtVcIcaGMlX8','2023-11-29',5,'2023-12-14 07:22:47','2023-12-14 07:22:48','1702567368_f2454e9f067edc2d717d.jpg'),('Custodian8','Yanto','Prince','','Kliza','1985-04-17','Salong Calapan City','M','Married',1.50,55.00,'AB-','09273628653','9921-0293-1123','32-917263622-1','44-0283662-1','234-293-344','Custodian8','Filipino',NULL,'','3673-2948362','0982836528','ivan@email.com','$argon2id$v=19$m=65536,t=4,p=1$Z1J3eXNuOUN2d3lNajJKdw$COUTlomOvy96V20mlkA1QnWwBA+lSqd8QIxj6n0CnRg','2023-12-15',5,'2023-12-13 08:12:55','2023-12-13 08:12:56','1702483976_cb9dfd716fe4cedea219.jpg'),('Driver1','Miranda','Josh','','Guinto','1984-08-15','Calero Calapan City','M','Married',1.65,55.00,'B+','02933877222','9823-0002-9237','93-029377322-2','23-9372674-2','777-029-232','Driver1','Filipino',NULL,'','6773-0392373','0983736282','josh@email.com','$argon2id$v=19$m=65536,t=4,p=1$NTlDMlZVbVY5YmNiVzA2Zg$Y/xLMv1OBXRaQVtmUFG209dEg+MZs45f3hohy/ioWk4','2023-12-16',5,'2023-12-13 08:17:36','2023-12-13 08:17:36','1702484256_d4c0f9f31920c0f8b57e.jpg'),('InformationOfficer12','Cabral','Charles','','Castillo','1978-03-22','Salong Calapan City','M','Married',1.50,65.00,'AB-','98232011112','9843-0003-8374','33-874959422-3','99-0192873-1','334-998-653','InformationOfficer12','Filipino',NULL,'','8397-0199229','09872222145','cabral@email.com','$argon2id$v=19$m=65536,t=4,p=1$QS50M1NWdS5JaHBsVlBOVg$Wp+RU7xaoE3WcLrkK8EFmDi++FYi3NB+0VpafVTQPMY','2023-12-18',5,'2023-12-14 02:35:52','2023-12-14 02:35:52','1702550152_a4bebe0bdd2809c172c7.jpg'),('Officer15','Villasuar','Tracey','','Decastro','1986-05-05','Canubing Calapan City','F','Single',1.55,67.00,'AB+','76389923455','6673-0009-3444','44-934773422-3','34-3948374-3','567-099-934','Officer15','Filipino',NULL,'','5567-009834','09777652009','tracey@email.com','$argon2id$v=19$m=65536,t=4,p=1$RE1wek9tNHJzclVsR01iUg$68hRvYwYDDDrKvhnz3wT5UCsEhcYJvHUA3xJENt85mc','2023-12-21',5,'2023-12-14 03:36:28','2023-12-14 03:36:28','1702553788_692e657fd33a54be8299.jpg'),('Officer16','Hernandez','Anna','','Castro','1991-11-19','Bayanan Calapan City','F','Single',1.55,52.00,'AB+','67778894932','7765-0093-3445','88-029332222-2','56-0092392-2','467-938-344','Officer16','Filipino',NULL,'','5666-93847374','09446783276','Anna@email.com','$argon2id$v=19$m=65536,t=4,p=1$RXJGRmsxN2JKQ1dxMWcueA$qOABN+781fE8TgjfHRkKwZ9fHd3yqsk4lOJ/QJw7zMs','2023-10-16',5,'2023-12-14 03:40:44','2023-12-14 03:40:44','1702554044_a3bc8c1887be0f1269e5.jpg'),('Officer17','Barbon','Kyle','','Aliz','1988-09-19','Palhi Calapan CIty','M','Married',1.65,67.00,'B+','74329999332','8874-0009-3322','56-003943333-3','44-9475743-3','454-948-009','Officer17','Filipino',NULL,'','7775-0384834','09888722211','kyle@email.com','$argon2id$v=19$m=65536,t=4,p=1$eEhiREtnUzJWakROMGZvWg$YjuAcbBmZZaazuphN+JOQ48dnI1A99VyBUi+4k/kUwQ','2023-11-16',5,'2023-12-14 03:44:32','2023-12-14 03:44:32','1702554272_15b9c679857a8ca0296e.jpg'),('Officer3','Delosantos','John Paul','','Yanto','1988-04-07','Salong Calapan City','M','Married',1.70,67.00,'AB-','98274567829','1928-0912-1921','98-018261278-0','98-0987543-0','345-098-023','Officer3','Filipino',NULL,'','98650-293764','098268273','paul@email.com','$argon2id$v=19$m=65536,t=4,p=1$eFJ2N3JOOE1UM2t3Q3BtTA$LE9jZQuUlBxHM1cK8R2TC975mrGX1IHHan/sfp9EL4U','2023-12-14',5,'2023-12-13 07:40:49','2023-12-13 07:40:49','1702482049_d78dd569df53d610dbad.jpg'),('Officer7','Carpio','Ivan','','Castillo','1991-08-22','Palhi Calapan City','M','Single',1.70,55.00,'AB+','72971821903','0999-9999-0192','77-098876334-9','03-0923678-0','546-874-039','Officer7','Filipino',NULL,'','0348-0928733','09888839202','ivan@email.com','$argon2id$v=19$m=65536,t=4,p=1$LkZtcUdkUnVpcG5CNnhadw$pcykXrtN2JJw0lny41eOZQ5Pn8xzcnjrrVpmEqvHVuY','2023-12-13',5,'2023-12-13 08:07:34','2023-12-13 08:07:34','1702483654_147666212160a258a221.jpg'),('Photographer4','Abelgas','Lorelie','','Pernonsial','1996-02-07','Lazareto Calapan City','F','Married',1.65,55.00,'AB-','09176789023','0923-1102-1239','11-098273511-2','02-9862519-1','387-000-123','Photographer4','Filipino',NULL,'','01273-092731','09827352731','lorelie@emial.com','$argon2id$v=19$m=65536,t=4,p=1$T2dmRnEuUERkcnFDVXlObA$gU+oj8Xkgh76mEPwnIXU0ABOkwdGNUDe2amhcu2F2fo','2023-12-18',5,'2023-12-13 07:45:38','2023-12-13 07:45:39','1702482339_75dab3febadc6a1c5206.jpg'),('Prison13','Panaligan','Leonard','','Abelgas','1992-01-23','Pachoca Calapan City, Oriental Mindoro','M','Married',1.65,65.00,'AB-','74598457433','6774-9384-3993','66-322294833-3','65-4837434-3','444-593-000','Prison13','Filipino',NULL,'','8483-93834434','09887334432','panaligan@email.com','$argon2id$v=19$m=65536,t=4,p=1$RGQwZklIQmViYXZxTlNvOQ$EWMxRQD6a9tKFEaTAkCwcuH/oPhNNeLs/gvXMC/Kics','2023-05-10',5,'2023-12-14 02:54:29','2023-12-14 02:54:29','1702551269_7696f740f7ec56aaa427.jpg'),('RD1','Collins','Lucas','','Rodrigez','1985-11-04','Parang Calapan City','M','Married',1.50,55.00,'A+','09234768903','1234-0928-1092','00-102378129-1','01-0912876-1','123-092-019','RD1','Filipino',NULL,'','109-0182653','0987251678','collinslucas@gmail.com','$argon2id$v=19$m=65536,t=4,p=1$ZDFVMzRMVkhjWmZGUjdpNQ$0UnT9AFff0/UN2tKvBSotr7XejIIL7lakAaRiVcJgBE','2023-12-11',5,'2023-12-13 07:18:14','2023-12-13 07:18:14','1702480694_8c09eac5cf87f602e05d.jpg'),('RDSecretary2','Garcia','Maizee','','Mendoza','1994-09-27','Pachoca Calapan City','F','Single',1.55,45.00,'B+','09812675891','0928-8144-0119','22-091726512-1','01-0927678-1','265-092-111','RDSecretary2','Filipino',NULL,'','287-102763521','09176823976','maizee123@email.com','$argon2id$v=19$m=65536,t=4,p=1$cW8xa1JPWFlyU2hWTjRGcg$8lbPrQ7Zz5CuheuL7qSmiMGulZIRpzyy1d222d8iyn8','2023-12-14',5,'2023-12-13 07:32:53','2023-12-13 07:32:53','1702481573_8e333176a31139d8735c.jpg'),('Regional14','Fernandez','Leander','','Fillaz','1983-09-02','Baruyan Calapan City','M','Married',1.55,67.00,'AB-','34566654221','3444-7565-7565','44-876554442-0','45-8884376-9','667-887-997','Regional14','Filipino',NULL,'','456-8654455','09887123212','leander@email.com','$argon2id$v=19$m=65536,t=4,p=1$c1dCaGJRU2lJQWhHSXBHbA$C6bCqSh+FvGDLJoeAj+3c3iTG750Bjpo3Zj2oxE8iDI','2023-12-20',5,'2023-12-14 03:24:58','2023-12-14 03:24:59','1702553099_8d06cabd355dfc3e730f.jpg'),('RegulatoryOfficer11','Relloso','Dexter','','Vega','1993-09-08','Lumang Bayan Calapan City','M','Single',1.70,65.00,'AB+','09822222129','3465-2093-2038','92-209222220-2','12-0991222-1','333-292-192','RegulatoryOfficer11','Filipino',NULL,'','0293-9372727','09888828371','dexter123@email.com','$argon2id$v=19$m=65536,t=4,p=1$OHVqSTNxdDREbVpaNWlvWQ$Ek9acn1S2ePWv5B9/0PAYgFIgbZB7rkdKUKiO1ZhU2w','2023-12-14',5,'2023-12-14 02:27:00','2023-12-14 02:27:00','1702549620_f25d0fc21f68f97a59ac.jpg'),('SecurityOfficer18','Millandez','Yael','','Hanz','1989-04-18','Parang Calapan City','M','Single',1.70,64.00,'AB+','74834399932','7665-9494-3433','44-034399432-3','44-9348382-2','555-394-330','SecurityOfficer18','Filipino',NULL,'','8874-03949384','09882320001','Yael@email.com','$argon2id$v=19$m=65536,t=4,p=1$aFUyWVNmVXZZaUlSWWZ2dw$+Kq/h6hBD0FW6ih7T1I3s7uG8UHt/NLgZBRdchdHMsA','2023-11-21',5,'2023-12-14 03:49:14','2023-12-14 03:49:14','1702554554_608c3a9e54c420d07ce4.jpg'),('Utilities9','Castillo','Alieca','','Dudas','1980-08-04','Calero Calapan City','F','Married',1.50,50.00,'AB+','09484738302','4443-9488-9333','99-029373234-3','55-0384422-2','455-387-333','Utilities9','Filipino',NULL,'','7847-09932883','0938726002','alieca@email.com','$argon2id$v=19$m=65536,t=4,p=1$RjJWZFNWbkxJd3lTcnJsQg$Iyd768l68ZfZbDNoVhSK9CgOETPa4yFJpyud22NK88M','2023-12-13',5,'2023-12-13 08:22:10','2023-12-13 08:22:11','1702484531_2b492b88c3aa80ebb41c.jpg');
/*!40000 ALTER TABLE `personal_information` ENABLE KEYS */;
UNLOCK TABLES;

--
-- Table structure for table `position`
--

DROP TABLE IF EXISTS `position`;
/*!40101 SET @saved_cs_client     = @@character_set_client */;
/*!50503 SET character_set_client = utf8mb4 */;
CREATE TABLE `position` (
  `PositionID` int unsigned NOT NULL AUTO_INCREMENT,
  `PositionName` varchar(255) NOT NULL,
  `created_at` timestamp NULL DEFAULT NULL,
  `updated_at` timestamp NULL DEFAULT NULL,
  PRIMARY KEY (`PositionID`)
) ENGINE=InnoDB AUTO_INCREMENT=29 DEFAULT CHARSET=utf8mb3;
/*!40101 SET character_set_client = @saved_cs_client */;

--
-- Dumping data for table `position`
--

LOCK TABLES `position` WRITE;
/*!40000 ALTER TABLE `position` DISABLE KEYS */;
INSERT INTO `position` VALUES (1,'Regional Director',NULL,NULL),(2,'Secretary',NULL,NULL),(3,'Officer',NULL,NULL),(4,'Photographer',NULL,NULL),(5,'Assistant Regional Director',NULL,NULL),(6,'Monitor',NULL,NULL),(7,'Supervising Officer',NULL,NULL),(8,'Chief Operations Division',NULL,NULL),(9,'Attorney',NULL,NULL),(10,'Not Applicable',NULL,NULL),(11,'Regional Operations Center',NULL,NULL),(12,'Regional Special Enforcement Unit - Intelligence Officer I',NULL,NULL),(13,'Regional Special Enforcement Unit - Intelligence Officer II',NULL,NULL),(14,'Regional Special Enforcement Unit - Intelligence Officer III',NULL,NULL),(15,'Security Officer III',NULL,NULL),(16,'Investigation Agent I',NULL,NULL),(17,'Investigation Agent III',NULL,NULL),(18,'Investigation Agent V',NULL,NULL),(19,'Human Resource Administrator',NULL,NULL),(20,'Logistics Administrator',NULL,NULL),(21,'Administrative-supply officer',NULL,NULL),(22,'Property Custodian',NULL,NULL),(23,'Drivers',NULL,NULL),(24,'Utilities',NULL,NULL),(25,'Dangerous Drug Regulatory Officer',NULL,NULL),(26,'Provincial Information Officer',NULL,NULL),(27,'Chemist',NULL,NULL),(28,'Prison guard',NULL,NULL);
/*!40000 ALTER TABLE `position` ENABLE KEYS */;
UNLOCK TABLES;

--
-- Table structure for table `procurement`
--

DROP TABLE IF EXISTS `procurement`;
/*!40101 SET @saved_cs_client     = @@character_set_client */;
/*!50503 SET character_set_client = utf8mb4 */;
CREATE TABLE `procurement` (
  `procurement_id` int NOT NULL AUTO_INCREMENT,
  `project_particulars` varchar(255) NOT NULL,
  `date_of_receipt_of_request` date NOT NULL,
  `purchase_work_job_request_no` int NOT NULL,
  `purchase_work_job_request_date` date NOT NULL,
  `philgeps_posting` tinyint(1) NOT NULL DEFAULT '0',
  `abstract_of_canvas_no` int NOT NULL,
  `abstract_of_canvas_date` date NOT NULL,
  `price_quotation_no` int NOT NULL,
  `price_quotation_date` date NOT NULL,
  `amount` decimal(10,2) NOT NULL,
  `EmployeeID` varchar(20) DEFAULT NULL,
  `department_id` int DEFAULT NULL,
  `provincial_office_id` int DEFAULT NULL,
  `regional_office_id` int unsigned DEFAULT NULL,
  `supplier` varchar(255) NOT NULL,
  `date_request_for_fund` date NOT NULL,
  `ideal_no_of_days_to_complete` int NOT NULL,
  `actual_days_to_complete` int NOT NULL,
  `difference` int NOT NULL,
  `purchase_order` varchar(255) NOT NULL,
  `delivery_status` varchar(50) NOT NULL,
  `remarks` text NOT NULL,
  `created_at` timestamp NULL DEFAULT NULL,
  `updated_at` timestamp NULL DEFAULT NULL,
  `item_status` enum('Active','Archived') NOT NULL DEFAULT 'Active',
  PRIMARY KEY (`procurement_id`),
  KEY `procurement_EmployeeID_foreign` (`EmployeeID`),
  KEY `procurement_department_id_foreign` (`department_id`),
  KEY `procurement_provincial_office_id_foreign` (`provincial_office_id`),
  KEY `procurement_regional_office_id_foreign` (`regional_office_id`),
  CONSTRAINT `procurement_department_id_foreign` FOREIGN KEY (`department_id`) REFERENCES `department` (`department_id`),
  CONSTRAINT `procurement_EmployeeID_foreign` FOREIGN KEY (`EmployeeID`) REFERENCES `personal_information` (`EmployeeID`),
  CONSTRAINT `procurement_provincial_office_id_foreign` FOREIGN KEY (`provincial_office_id`) REFERENCES `provincial_office` (`provincial_office_id`),
  CONSTRAINT `procurement_regional_office_id_foreign` FOREIGN KEY (`regional_office_id`) REFERENCES `regional_office` (`regional_office_id`)
) ENGINE=InnoDB DEFAULT CHARSET=utf8mb3;
/*!40101 SET character_set_client = @saved_cs_client */;

--
-- Dumping data for table `procurement`
--

LOCK TABLES `procurement` WRITE;
/*!40000 ALTER TABLE `procurement` DISABLE KEYS */;
/*!40000 ALTER TABLE `procurement` ENABLE KEYS */;
UNLOCK TABLES;

--
-- Table structure for table `procurement_status`
--

DROP TABLE IF EXISTS `procurement_status`;
/*!40101 SET @saved_cs_client     = @@character_set_client */;
/*!50503 SET character_set_client = utf8mb4 */;
CREATE TABLE `procurement_status` (
  `status_ID` int unsigned NOT NULL AUTO_INCREMENT,
  `procurement_id` int DEFAULT NULL,
  `status_name` varchar(255) DEFAULT NULL,
  PRIMARY KEY (`status_ID`)
) ENGINE=InnoDB DEFAULT CHARSET=utf8mb3;
/*!40101 SET character_set_client = @saved_cs_client */;

--
-- Dumping data for table `procurement_status`
--

LOCK TABLES `procurement_status` WRITE;
/*!40000 ALTER TABLE `procurement_status` DISABLE KEYS */;
/*!40000 ALTER TABLE `procurement_status` ENABLE KEYS */;
UNLOCK TABLES;

--
-- Table structure for table `provincial_office`
--

DROP TABLE IF EXISTS `provincial_office`;
/*!40101 SET @saved_cs_client     = @@character_set_client */;
/*!50503 SET character_set_client = utf8mb4 */;
CREATE TABLE `provincial_office` (
  `provincial_office_id` int NOT NULL AUTO_INCREMENT,
  `office_name` varchar(255) NOT NULL,
  `location` text NOT NULL,
  PRIMARY KEY (`provincial_office_id`),
  UNIQUE KEY `office_name` (`office_name`)
) ENGINE=InnoDB DEFAULT CHARSET=utf8mb3;
/*!40101 SET character_set_client = @saved_cs_client */;

--
-- Dumping data for table `provincial_office`
--

LOCK TABLES `provincial_office` WRITE;
/*!40000 ALTER TABLE `provincial_office` DISABLE KEYS */;
/*!40000 ALTER TABLE `provincial_office` ENABLE KEYS */;
UNLOCK TABLES;

--
-- Table structure for table `references_tbl`
--

DROP TABLE IF EXISTS `references_tbl`;
/*!40101 SET @saved_cs_client     = @@character_set_client */;
/*!50503 SET character_set_client = utf8mb4 */;
CREATE TABLE `references_tbl` (
  `reference_id` int unsigned NOT NULL AUTO_INCREMENT,
  `EmployeeID` varchar(20) NOT NULL,
  `name` varchar(255) NOT NULL,
  `address` text,
  `telephone_no` varchar(50) DEFAULT NULL,
  `created_at` timestamp NULL DEFAULT NULL,
  `updated_at` timestamp NULL DEFAULT NULL,
  PRIMARY KEY (`reference_id`),
  KEY `references_tbl_EmployeeID_foreign` (`EmployeeID`),
  CONSTRAINT `references_tbl_EmployeeID_foreign` FOREIGN KEY (`EmployeeID`) REFERENCES `personal_information` (`EmployeeID`)
) ENGINE=InnoDB DEFAULT CHARSET=utf8mb3;
/*!40101 SET character_set_client = @saved_cs_client */;

--
-- Dumping data for table `references_tbl`
--

LOCK TABLES `references_tbl` WRITE;
/*!40000 ALTER TABLE `references_tbl` DISABLE KEYS */;
/*!40000 ALTER TABLE `references_tbl` ENABLE KEYS */;
UNLOCK TABLES;

--
-- Table structure for table `regional_office`
--

DROP TABLE IF EXISTS `regional_office`;
/*!40101 SET @saved_cs_client     = @@character_set_client */;
/*!50503 SET character_set_client = utf8mb4 */;
CREATE TABLE `regional_office` (
  `regional_office_id` int unsigned NOT NULL AUTO_INCREMENT,
  `regional_office_name` varchar(255) NOT NULL,
  PRIMARY KEY (`regional_office_id`),
  UNIQUE KEY `regional_office_name` (`regional_office_name`)
) ENGINE=InnoDB DEFAULT CHARSET=utf8mb3;
/*!40101 SET character_set_client = @saved_cs_client */;

--
-- Dumping data for table `regional_office`
--

LOCK TABLES `regional_office` WRITE;
/*!40000 ALTER TABLE `regional_office` DISABLE KEYS */;
/*!40000 ALTER TABLE `regional_office` ENABLE KEYS */;
UNLOCK TABLES;

--
-- Table structure for table `section`
--

DROP TABLE IF EXISTS `section`;
/*!40101 SET @saved_cs_client     = @@character_set_client */;
/*!50503 SET character_set_client = utf8mb4 */;
CREATE TABLE `section` (
  `SectionID` int unsigned NOT NULL AUTO_INCREMENT,
  `SectionName` text NOT NULL,
  `created_at` timestamp NULL DEFAULT NULL,
  `updated_at` timestamp NULL DEFAULT NULL,
  PRIMARY KEY (`SectionID`)
) ENGINE=InnoDB AUTO_INCREMENT=20 DEFAULT CHARSET=utf8mb3;
/*!40101 SET character_set_client = @saved_cs_client */;

--
-- Dumping data for table `section`
--

LOCK TABLES `section` WRITE;
/*!40000 ALTER TABLE `section` DISABLE KEYS */;
INSERT INTO `section` VALUES (2,'Legal and Prosecution Unit Section',NULL,NULL),(3,'Regional Barangay Drug Clearing Program Team',NULL,NULL),(5,'Disbursing Officer',NULL,NULL),(6,'Logistics & Administrative section',NULL,NULL),(7,'Supply and Procurement',NULL,NULL),(8,'Record Officer',NULL,NULL),(9,'IT Focal Person',NULL,NULL),(10,'Intelligence and Investigation Section',NULL,NULL),(11,'Compliance Section',NULL,NULL),(12,'Preventive Education and Community Involvement Section',NULL,NULL),(13,'Laboratory Section',NULL,NULL),(14,'Custodial Section',NULL,NULL),(15,'Regional Operation Center',NULL,NULL),(16,'Regional Special Enforcement Team',NULL,NULL),(17,'Provincial Offices',NULL,NULL),(18,'Not Applicable',NULL,NULL),(19,'Human Resource Management Officer',NULL,NULL);
/*!40000 ALTER TABLE `section` ENABLE KEYS */;
UNLOCK TABLES;

--
-- Table structure for table `training`
--

DROP TABLE IF EXISTS `training`;
/*!40101 SET @saved_cs_client     = @@character_set_client */;
/*!50503 SET character_set_client = utf8mb4 */;
CREATE TABLE `training` (
  `training_id` int unsigned NOT NULL AUTO_INCREMENT,
  `title` varchar(255) DEFAULT NULL,
  `period_from` date NOT NULL,
  `period_to` date NOT NULL,
  `number_of_hours` int NOT NULL,
  `conducted_by` varchar(255) NOT NULL,
  `created_at` timestamp NULL DEFAULT NULL,
  `updated_at` timestamp NULL DEFAULT NULL,
  PRIMARY KEY (`training_id`),
  UNIQUE KEY `title` (`title`)
) ENGINE=InnoDB DEFAULT CHARSET=utf8mb3;
/*!40101 SET character_set_client = @saved_cs_client */;

--
-- Dumping data for table `training`
--

LOCK TABLES `training` WRITE;
/*!40000 ALTER TABLE `training` DISABLE KEYS */;
/*!40000 ALTER TABLE `training` ENABLE KEYS */;
UNLOCK TABLES;

--
-- Table structure for table `training_programs`
--

DROP TABLE IF EXISTS `training_programs`;
/*!40101 SET @saved_cs_client     = @@character_set_client */;
/*!50503 SET character_set_client = utf8mb4 */;
CREATE TABLE `training_programs` (
  `training_id` int unsigned NOT NULL AUTO_INCREMENT,
  `EmployeeID` varchar(20) NOT NULL,
  `title` varchar(255) NOT NULL,
  `period_from` date NOT NULL,
  `period_to` date NOT NULL,
  `number_of_hours` int NOT NULL,
  `conducted_by` varchar(255) NOT NULL,
  `is_company_provided` tinyint(1) NOT NULL DEFAULT '0',
  `created_at` timestamp NULL DEFAULT NULL,
  `updated_at` timestamp NULL DEFAULT NULL,
  PRIMARY KEY (`training_id`),
  KEY `training_programs_EmployeeID_foreign` (`EmployeeID`),
  CONSTRAINT `training_programs_EmployeeID_foreign` FOREIGN KEY (`EmployeeID`) REFERENCES `personal_information` (`EmployeeID`)
) ENGINE=InnoDB DEFAULT CHARSET=utf8mb3;
/*!40101 SET character_set_client = @saved_cs_client */;

--
-- Dumping data for table `training_programs`
--

LOCK TABLES `training_programs` WRITE;
/*!40000 ALTER TABLE `training_programs` DISABLE KEYS */;
/*!40000 ALTER TABLE `training_programs` ENABLE KEYS */;
UNLOCK TABLES;

--
-- Table structure for table `voluntary_work`
--

DROP TABLE IF EXISTS `voluntary_work`;
/*!40101 SET @saved_cs_client     = @@character_set_client */;
/*!50503 SET character_set_client = utf8mb4 */;
CREATE TABLE `voluntary_work` (
  `voluntary_work_id` int unsigned NOT NULL AUTO_INCREMENT,
  `EmployeeID` varchar(20) NOT NULL,
  `organization_name` varchar(255) NOT NULL,
  `position` varchar(100) NOT NULL,
  `period_from` date NOT NULL,
  `period_to` date NOT NULL,
  `number_of_hours` int NOT NULL,
  `created_at` timestamp NULL DEFAULT NULL,
  `updated_at` timestamp NULL DEFAULT NULL,
  PRIMARY KEY (`voluntary_work_id`),
  KEY `voluntary_work_EmployeeID_foreign` (`EmployeeID`),
  CONSTRAINT `voluntary_work_EmployeeID_foreign` FOREIGN KEY (`EmployeeID`) REFERENCES `personal_information` (`EmployeeID`)
) ENGINE=InnoDB DEFAULT CHARSET=utf8mb3;
/*!40101 SET character_set_client = @saved_cs_client */;

--
-- Dumping data for table `voluntary_work`
--

LOCK TABLES `voluntary_work` WRITE;
/*!40000 ALTER TABLE `voluntary_work` DISABLE KEYS */;
/*!40000 ALTER TABLE `voluntary_work` ENABLE KEYS */;
UNLOCK TABLES;

--
-- Table structure for table `work_experience`
--

DROP TABLE IF EXISTS `work_experience`;
/*!40101 SET @saved_cs_client     = @@character_set_client */;
/*!50503 SET character_set_client = utf8mb4 */;
CREATE TABLE `work_experience` (
  `experience_id` int unsigned NOT NULL AUTO_INCREMENT,
  `EmployeeID` varchar(20) NOT NULL,
  `inclusive_dates_from` date NOT NULL,
  `inclusive_dates_to` date NOT NULL,
  `position_title` varchar(100) NOT NULL,
  `department_agency_office_company` varchar(255) NOT NULL,
  `monthly_salary` decimal(10,2) NOT NULL,
  `salary_grade_step_increment` varchar(20) DEFAULT NULL,
  `status_of_appointment` varchar(50) NOT NULL,
  `govt_service` tinyint(1) NOT NULL,
  `created_at` timestamp NULL DEFAULT NULL,
  `updated_at` timestamp NULL DEFAULT NULL,
  PRIMARY KEY (`experience_id`),
  KEY `work_experience_EmployeeID_foreign` (`EmployeeID`),
  CONSTRAINT `work_experience_EmployeeID_foreign` FOREIGN KEY (`EmployeeID`) REFERENCES `personal_information` (`EmployeeID`)
) ENGINE=InnoDB DEFAULT CHARSET=utf8mb3;
/*!40101 SET character_set_client = @saved_cs_client */;

--
-- Dumping data for table `work_experience`
--

LOCK TABLES `work_experience` WRITE;
/*!40000 ALTER TABLE `work_experience` DISABLE KEYS */;
/*!40000 ALTER TABLE `work_experience` ENABLE KEYS */;
UNLOCK TABLES;
/*!40103 SET TIME_ZONE=@OLD_TIME_ZONE */;

/*!40101 SET SQL_MODE=@OLD_SQL_MODE */;
/*!40014 SET FOREIGN_KEY_CHECKS=@OLD_FOREIGN_KEY_CHECKS */;
/*!40014 SET UNIQUE_CHECKS=@OLD_UNIQUE_CHECKS */;
/*!40101 SET CHARACTER_SET_CLIENT=@OLD_CHARACTER_SET_CLIENT */;
/*!40101 SET CHARACTER_SET_RESULTS=@OLD_CHARACTER_SET_RESULTS */;
/*!40101 SET COLLATION_CONNECTION=@OLD_COLLATION_CONNECTION */;
/*!40111 SET SQL_NOTES=@OLD_SQL_NOTES */;

-- Dump completed on 2023-12-16 16:55:34
